Workbook

Sheet ⚙ Control Panel
A1: ⚙ CONTROL PANEL — Edit dropdowns and master values here
A4: Salespersons | C4: Stage | E4: Segment | G4: Priority
A5: Mew | C5: Interest | E5: Gov | G5: High
A6: Napat | C6: Send PI | E6: Private | G6: Medium
A7: Tan | C7: Negotiating | G7: Low
A8: Aoey | C8: Deal Signed
A9: Other Sales | C9: Delivered
C10: Lost
A13: Product Category | C13: Brand | E13: Fee Structure | G13: Specialization
A14: Steel | C14: Sunon | E14: Referral % | G14: Office
A15: Chair | C15: Taiyo | E15: No fee | G15: Hospital & Wellness
A16: Wooden | C16: Motech | E16: Client to resell | G16: Education
C17: Hybrida | G17: Government
C18: Other
A22: Monthly Target (THB) | C22: ℹ️ Instructions
A23: 3000000 | C23: • Edit dropdown lists in the columns above
C24: • Add a new salesperson: add their name, then create their tab
C25: • Monthly target is referenced by every personal tab dashboard
C26: • Do NOT rename this sheet — formulas depend on it

Sheet 📈 Summary Dashboard
A1: 📈 TEAM PIPELINE SUMMARY DASHBOARD
S3: Month | T3: Team Target | U3: Taken Orders (Deal Signed) | V3: Delivered Orders
A4: Total Pipeline (All Reps, THB) | E4: Weighted Pipeline (THB) | I4: Signed This Month (THB) | M4: Team Monthly Target (THB) | S4: Jan | T4: 15000000 | U4: =SUMPRODUCT(IFERROR((MONTH('👤 Mew'!L58:L228)=1)*(YEAR('👤 Mew'!L58:L228)=2026),0)*'👤 Mew'!I58:I228)+SUMPRODUCT(IFERROR((MONTH('👤 Napat'!L42:L144)=1)*(YEAR('👤 Napat'!L42:L144)=2026),0)*'👤 Napat'!I42:I144)+SUMPRODUCT(IFERROR((MONTH('👤 Tan'!L52:L151)=1)*(YEAR('👤 Tan'!L52:L151)=2026),0)*'👤 Tan'!I52:I151)+SUMPRODUCT(IFERROR((MONTH('👤 Aoey'!L42:L141)=1)*(YEAR('👤 Aoey'!L42:L141)=2026),0)*'👤 Aoey'!I42:I141)+SUMPRODUCT(IFERROR((MONTH('👤 Other Sales'!L42:L141)=1)*(YEAR('👤 Other Sales'!L42:L141)=2026),0)*'👤 Other Sales'!I42:I141) -> 0 | V4: =SUMPRODUCT(IFERROR((MONTH('👤 Mew'!M58:M228)=1)*(YEAR('👤 Mew'!M58:M228)=2026),0)*'👤 Mew'!I58:I228)+SUMPRODUCT(IFERROR((MONTH('👤 Napat'!M42:M144)=1)*(YEAR('👤 Napat'!M42:M144)=2026),0)*'👤 Napat'!I42:I144)+SUMPRODUCT(IFERROR((MONTH('👤 Tan'!M52:M151)=1)*(YEAR('👤 Tan'!M52:M151)=2026),0)*'👤 Tan'!I52:I151)+SUMPRODUCT(IFERROR((MONTH('👤 Aoey'!M42:M141)=1)*(YEAR('👤 Aoey'!M42:M141)=2026),0)*'👤 Aoey'!I42:I141)+SUMPRODUCT(IFERROR((MONTH('👤 Other Sales'!M42:M141)=1)*(YEAR('👤 Other Sales'!M42:M141)=2026),0)*'👤 Other Sales'!I42:I141) -> 0
A5: =SUMIF('👤 Mew'!B42:B228,"<>Delivered",'👤 Mew'!I58:I228)+SUMIF('👤 Napat'!B42:B144,"<>Delivered",'👤 Napat'!I42:I144)+SUMIF('👤 Tan'!B52:B151,"<>Delivered",'👤 Tan'!I52:I151)+SUMIF('👤 Aoey'!B42:B141,"<>Delivered",'👤 Aoey'!I42:I141)+SUMIF('👤 Other Sales'!B42:B141,"<>Delivered",'👤 Other Sales'!I42:I141) -> 68955469 | E5: =SUM('👤 Mew'!K42:K228)+SUM('👤 Napat'!K42:K144)+SUM('👤 Tan'!K52:K151)+SUM('👤 Aoey'!K42:K141)+SUM('👤 Other Sales'!K42:K141) -> 95155474 | I5: =SUMPRODUCT(('👤 Mew'!B42:B228="Deal Signed")*IFERROR((MONTH('👤 Mew'!L42:L228)=MONTH(TODAY()))*(YEAR('👤 Mew'!L42:L228)=YEAR(TODAY())),0)*'👤 Mew'!I42:I228)+SUMPRODUCT(('👤 Mew'!B42:B228="Delivered")*IFERROR((MONTH('👤 Mew'!L42:L228)=MONTH(TODAY()))*(YEAR('👤 Mew'!L42:L228)=YEAR(TODAY())),0)*'👤 Mew'!I42:I228)+SUMPRODUCT(('👤 Napat'!B42:B144="Deal Signed")*IFERROR((MONTH('👤 Napat'!L42:L144)=MONTH(TODAY()))*(YEAR('👤 Napat'!L42:L144)=YEAR(TODAY())),0)*'👤 Napat'!I42:I144)+SUMPRODUCT(('👤 Napat'!B42:B144="Delivered")*IFERROR((MONTH('👤 Napat'!L42:L144)=MONTH(TODAY()))*(YEAR('👤 Napat'!L42:L144)=YEAR(TODAY())),0)*'👤 Napat'!I42:I144)+SUMPRODUCT(('👤 Tan'!B52:B151="Deal Signed")*IFERROR((MONTH('👤 Tan'!L52:L151)=MONTH(TODAY()))*(YEAR('👤 Tan'!L52:L151)=YEAR(TODAY())),0)*'👤 Tan'!I52:I151)+SUMPRODUCT(('👤 Tan'!B52:B151="Delivered")*IFERROR((MONTH('👤 Tan'!L52:L151)=MONTH(TODAY()))*(YEAR('👤 Tan'!L52:L151)=YEAR(TODAY())),0)*'👤 Tan'!I52:I151)+SUMPRODUCT(('👤 Aoey'!B42:B141="Deal Signed")*IFERROR((MONTH('👤 Aoey'!L42:L141)=MONTH(TODAY()))*(YEAR('👤 Aoey'!L42:L141)=YEAR(TODAY())),0)*'👤 Aoey'!I42:I141)+SUMPRODUCT(('👤 Aoey'!B42:B141="Delivered")*IFERROR((MONTH('👤 Aoey'!L42:L141)=MONTH(TODAY()))*(YEAR('👤 Aoey'!L42:L141)=YEAR(TODAY())),0)*'👤 Aoey'!I42:I141)+SUMPRODUCT(('👤 Other Sales'!B42:B141="Deal Signed")*IFERROR((MONTH('👤 Other Sales'!L42:L141)=MONTH(TODAY()))*(YEAR('👤 Other Sales'!L42:L141)=YEAR(TODAY())),0)*'👤 Other Sales'!I42:I141)+SUMPRODUCT(('👤 Other Sales'!B42:B141="Delivered")*IFERROR((MONTH('👤 Other Sales'!L42:L141)=MONTH(TODAY()))*(YEAR('👤 Other Sales'!L42:L141)=YEAR(TODAY())),0)*'👤 Other Sales'!I42:I141) -> 0 | M5: =SUM(E11:E15) -> 12000000 | S5: Feb | T5: 15000000 | U5: =SUMPRODUCT(IFERROR((MONTH('👤 Mew'!L58:L228)=2)*(YEAR('👤 Mew'!L58:L228)=2026),0)*'👤 Mew'!I58:I228)+SUMPRODUCT(IFERROR((MONTH('👤 Napat'!L42:L144)=2)*(YEAR('👤 Napat'!L42:L144)=2026),0)*'👤 Napat'!I42:I144)+SUMPRODUCT(IFERROR((MONTH('👤 Tan'!L52:L151)=2)*(YEAR('👤 Tan'!L52:L151)=2026),0)*'👤 Tan'!I52:I151)+SUMPRODUCT(IFERROR((MONTH('👤 Aoey'!L42:L141)=2)*(YEAR('👤 Aoey'!L42:L141)=2026),0)*'👤 Aoey'!I42:I141)+SUMPRODUCT(IFERROR((MONTH('👤 Other Sales'!L42:L141)=2)*(YEAR('👤 Other Sales'!L42:L141)=2026),0)*'👤 Other Sales'!I42:I141) -> 0 | V5: =SUMPRODUCT(IFERROR((MONTH('👤 Mew'!M58:M228)=2)*(YEAR('👤 Mew'!M58:M228)=2026),0)*'👤 Mew'!I58:I228)+SUMPRODUCT(IFERROR((MONTH('👤 Napat'!M42:M144)=2)*(YEAR('👤 Napat'!M42:M144)=2026),0)*'👤 Napat'!I42:I144)+SUMPRODUCT(IFERROR((MONTH('👤 Tan'!M52:M151)=2)*(YEAR('👤 Tan'!M52:M151)=2026),0)*'👤 Tan'!I52:I151)+SUMPRODUCT(IFERROR((MONTH('👤 Aoey'!M42:M141)=2)*(YEAR('👤 Aoey'!M42:M141)=2026),0)*'👤 Aoey'!I42:I141)+SUMPRODUCT(IFERROR((MONTH('👤 Other Sales'!M42:M141)=2)*(YEAR('👤 Other Sales'!M42:M141)=2026),0)*'👤 Other Sales'!I42:I141) -> 0
S6: Mar | T6: 15000000 | U6: =SUMPRODUCT(IFERROR((MONTH('👤 Mew'!L58:L228)=3)*(YEAR('👤 Mew'!L58:L228)=2026),0)*'👤 Mew'!I58:I228)+SUMPRODUCT(IFERROR((MONTH('👤 Napat'!L42:L144)=3)*(YEAR('👤 Napat'!L42:L144)=2026),0)*'👤 Napat'!I42:I144)+SUMPRODUCT(IFERROR((MONTH('👤 Tan'!L52:L151)=3)*(YEAR('👤 Tan'!L52:L151)=2026),0)*'👤 Tan'!I52:I151)+SUMPRODUCT(IFERROR((MONTH('👤 Aoey'!L42:L141)=3)*(YEAR('👤 Aoey'!L42:L141)=2026),0)*'👤 Aoey'!I42:I141)+SUMPRODUCT(IFERROR((MONTH('👤 Other Sales'!L42:L141)=3)*(YEAR('👤 Other Sales'!L42:L141)=2026),0)*'👤 Other Sales'!I42:I141) -> 0 | V6: =SUMPRODUCT(IFERROR((MONTH('👤 Mew'!M58:M228)=3)*(YEAR('👤 Mew'!M58:M228)=2026),0)*'👤 Mew'!I58:I228)+SUMPRODUCT(IFERROR((MONTH('👤 Napat'!M42:M144)=3)*(YEAR('👤 Napat'!M42:M144)=2026),0)*'👤 Napat'!I42:I144)+SUMPRODUCT(IFERROR((MONTH('👤 Tan'!M52:M151)=3)*(YEAR('👤 Tan'!M52:M151)=2026),0)*'👤 Tan'!I52:I151)+SUMPRODUCT(IFERROR((MONTH('👤 Aoey'!M42:M141)=3)*(YEAR('👤 Aoey'!M42:M141)=2026),0)*'👤 Aoey'!I42:I141)+SUMPRODUCT(IFERROR((MONTH('👤 Other Sales'!M42:M141)=3)*(YEAR('👤 Other Sales'!M42:M141)=2026),0)*'👤 Other Sales'!I42:I141) -> 0
S7: Apr | T7: 15000000 | U7: =SUMPRODUCT(IFERROR((MONTH('👤 Mew'!L58:L228)=4)*(YEAR('👤 Mew'!L58:L228)=2026),0)*'👤 Mew'!I58:I228)+SUMPRODUCT(IFERROR((MONTH('👤 Napat'!L42:L144)=4)*(YEAR('👤 Napat'!L42:L144)=2026),0)*'👤 Napat'!I42:I144)+SUMPRODUCT(IFERROR((MONTH('👤 Tan'!L52:L151)=4)*(YEAR('👤 Tan'!L52:L151)=2026),0)*'👤 Tan'!I52:I151)+SUMPRODUCT(IFERROR((MONTH('👤 Aoey'!L42:L141)=4)*(YEAR('👤 Aoey'!L42:L141)=2026),0)*'👤 Aoey'!I42:I141)+SUMPRODUCT(IFERROR((MONTH('👤 Other Sales'!L42:L141)=4)*(YEAR('👤 Other Sales'!L42:L141)=2026),0)*'👤 Other Sales'!I42:I141) -> 0 | V7: =SUMPRODUCT(IFERROR((MONTH('👤 Mew'!M58:M228)=4)*(YEAR('👤 Mew'!M58:M228)=2026),0)*'👤 Mew'!I58:I228)+SUMPRODUCT(IFERROR((MONTH('👤 Napat'!M42:M144)=4)*(YEAR('👤 Napat'!M42:M144)=2026),0)*'👤 Napat'!I42:I144)+SUMPRODUCT(IFERROR((MONTH('👤 Tan'!M52:M151)=4)*(YEAR('👤 Tan'!M52:M151)=2026),0)*'👤 Tan'!I52:I151)+SUMPRODUCT(IFERROR((MONTH('👤 Aoey'!M42:M141)=4)*(YEAR('👤 Aoey'!M42:M141)=2026),0)*'👤 Aoey'!I42:I141)+SUMPRODUCT(IFERROR((MONTH('👤 Other Sales'!M42:M141)=4)*(YEAR('👤 Other Sales'!M42:M141)=2026),0)*'👤 Other Sales'!I42:I141) -> 0
S8: May | T8: 15000000 | U8: =SUMPRODUCT(IFERROR((MONTH('👤 Mew'!L58:L228)=5)*(YEAR('👤 Mew'!L58:L228)=2026),0)*'👤 Mew'!I58:I228)+SUMPRODUCT(IFERROR((MONTH('👤 Napat'!L42:L144)=5)*(YEAR('👤 Napat'!L42:L144)=2026),0)*'👤 Napat'!I42:I144)+SUMPRODUCT(IFERROR((MONTH('👤 Tan'!L52:L151)=5)*(YEAR('👤 Tan'!L52:L151)=2026),0)*'👤 Tan'!I52:I151)+SUMPRODUCT(IFERROR((MONTH('👤 Aoey'!L42:L141)=5)*(YEAR('👤 Aoey'!L42:L141)=2026),0)*'👤 Aoey'!I42:I141)+SUMPRODUCT(IFERROR((MONTH('👤 Other Sales'!L42:L141)=5)*(YEAR('👤 Other Sales'!L42:L141)=2026),0)*'👤 Other Sales'!I42:I141) -> 0 | V8: =SUMPRODUCT(IFERROR((MONTH('👤 Mew'!M58:M228)=5)*(YEAR('👤 Mew'!M58:M228)=2026),0)*'👤 Mew'!I58:I228)+SUMPRODUCT(IFERROR((MONTH('👤 Napat'!M42:M144)=5)*(YEAR('👤 Napat'!M42:M144)=2026),0)*'👤 Napat'!I42:I144)+SUMPRODUCT(IFERROR((MONTH('👤 Tan'!M52:M151)=5)*(YEAR('👤 Tan'!M52:M151)=2026),0)*'👤 Tan'!I52:I151)+SUMPRODUCT(IFERROR((MONTH('👤 Aoey'!M42:M141)=5)*(YEAR('👤 Aoey'!M42:M141)=2026),0)*'👤 Aoey'!I42:I141)+SUMPRODUCT(IFERROR((MONTH('👤 Other Sales'!M42:M141)=5)*(YEAR('👤 Other Sales'!M42:M141)=2026),0)*'👤 Other Sales'!I42:I141) -> 0
A9: 🏆 Performance by Salesperson | S9: Jun | T9: 15000000 | U9: =SUMPRODUCT(IFERROR((MONTH('👤 Mew'!L58:L228)=6)*(YEAR('👤 Mew'!L58:L228)=2026),0)*'👤 Mew'!I58:I228)+SUMPRODUCT(IFERROR((MONTH('👤 Napat'!L42:L144)=6)*(YEAR('👤 Napat'!L42:L144)=2026),0)*'👤 Napat'!I42:I144)+SUMPRODUCT(IFERROR((MONTH('👤 Tan'!L52:L151)=6)*(YEAR('👤 Tan'!L52:L151)=2026),0)*'👤 Tan'!I52:I151)+SUMPRODUCT(IFERROR((MONTH('👤 Aoey'!L42:L141)=6)*(YEAR('👤 Aoey'!L42:L141)=2026),0)*'👤 Aoey'!I42:I141)+SUMPRODUCT(IFERROR((MONTH('👤 Other Sales'!L42:L141)=6)*(YEAR('👤 Other Sales'!L42:L141)=2026),0)*'👤 Other Sales'!I42:I141) -> 0 | V9: =SUMPRODUCT(IFERROR((MONTH('👤 Mew'!M58:M228)=6)*(YEAR('👤 Mew'!M58:M228)=2026),0)*'👤 Mew'!I58:I228)+SUMPRODUCT(IFERROR((MONTH('👤 Napat'!M42:M144)=6)*(YEAR('👤 Napat'!M42:M144)=2026),0)*'👤 Napat'!I42:I144)+SUMPRODUCT(IFERROR((MONTH('👤 Tan'!M52:M151)=6)*(YEAR('👤 Tan'!M52:M151)=2026),0)*'👤 Tan'!I52:I151)+SUMPRODUCT(IFERROR((MONTH('👤 Aoey'!M42:M141)=6)*(YEAR('👤 Aoey'!M42:M141)=2026),0)*'👤 Aoey'!I42:I141)+SUMPRODUCT(IFERROR((MONTH('👤 Other Sales'!M42:M141)=6)*(YEAR('👤 Other Sales'!M42:M141)=2026),0)*'👤 Other Sales'!I42:I141) -> 0
A10: Salesperson | B10: Total Pipeline (THB) | C10: Weighted (THB) | D10: Signed MTD (THB) | E10: Target (THB) | F10: Progress | G10: High Priority | H10: In Negotiating | I10: In Deal Signed | J10: In Delivered | S10: Jul | T10: 15000000 | U10: =SUMPRODUCT(IFERROR((MONTH('👤 Mew'!L58:L228)=7)*(YEAR('👤 Mew'!L58:L228)=2026),0)*'👤 Mew'!I58:I228)+SUMPRODUCT(IFERROR((MONTH('👤 Napat'!L42:L144)=7)*(YEAR('👤 Napat'!L42:L144)=2026),0)*'👤 Napat'!I42:I144)+SUMPRODUCT(IFERROR((MONTH('👤 Tan'!L52:L151)=7)*(YEAR('👤 Tan'!L52:L151)=2026),0)*'👤 Tan'!I52:I151)+SUMPRODUCT(IFERROR((MONTH('👤 Aoey'!L42:L141)=7)*(YEAR('👤 Aoey'!L42:L141)=2026),0)*'👤 Aoey'!I42:I141)+SUMPRODUCT(IFERROR((MONTH('👤 Other Sales'!L42:L141)=7)*(YEAR('👤 Other Sales'!L42:L141)=2026),0)*'👤 Other Sales'!I42:I141) -> 0 | V10: =SUMPRODUCT(IFERROR((MONTH('👤 Mew'!M58:M228)=7)*(YEAR('👤 Mew'!M58:M228)=2026),0)*'👤 Mew'!I58:I228)+SUMPRODUCT(IFERROR((MONTH('👤 Napat'!M42:M144)=7)*(YEAR('👤 Napat'!M42:M144)=2026),0)*'👤 Napat'!I42:I144)+SUMPRODUCT(IFERROR((MONTH('👤 Tan'!M52:M151)=7)*(YEAR('👤 Tan'!M52:M151)=2026),0)*'👤 Tan'!I52:I151)+SUMPRODUCT(IFERROR((MONTH('👤 Aoey'!M42:M141)=7)*(YEAR('👤 Aoey'!M42:M141)=2026),0)*'👤 Aoey'!I42:I141)+SUMPRODUCT(IFERROR((MONTH('👤 Other Sales'!M42:M141)=7)*(YEAR('👤 Other Sales'!M42:M141)=2026),0)*'👤 Other Sales'!I42:I141) -> 0
A11: Mew | B11: =SUMIF('👤 Mew'!B42:B228,"<>Delivered",'👤 Mew'!I42:I228) -> 8725490 | C11: =SUM('👤 Mew'!K42:K228) -> 33968159 | D11: =SUMPRODUCT(('👤 Mew'!B42:B228="Deal Signed")*IFERROR((MONTH('👤 Mew'!L42:L228)=MONTH(TODAY()))*(YEAR('👤 Mew'!L42:L228)=YEAR(TODAY())),0)*'👤 Mew'!I42:I228)+SUMPRODUCT(('👤 Mew'!B42:B228="Delivered")*IFERROR((MONTH('👤 Mew'!L42:L228)=MONTH(TODAY()))*(YEAR('👤 Mew'!L42:L228)=YEAR(TODAY())),0)*'👤 Mew'!I42:I228) -> 0 | E11: ='⚙ Control Panel'!$A$23 -> 3000000 | F11: =IFERROR(D11/E11,0) -> 0 | G11: =COUNTIF('👤 Mew'!D42:D228,"High") -> 25 | H11: =COUNTIF('👤 Mew'!B58:B228,"Negotiating") -> 0 | I11: =COUNTIF('👤 Mew'!B42:B228,"Deal Signed") -> 16 | J11: =COUNTIF('👤 Mew'!B42:B228,"Delivered") -> 99 | S11: Aug | T11: 15000000 | U11: =SUMPRODUCT(IFERROR((MONTH('👤 Mew'!L58:L228)=8)*(YEAR('👤 Mew'!L58:L228)=2026),0)*'👤 Mew'!I58:I228)+SUMPRODUCT(IFERROR((MONTH('👤 Napat'!L42:L144)=8)*(YEAR('👤 Napat'!L42:L144)=2026),0)*'👤 Napat'!I42:I144)+SUMPRODUCT(IFERROR((MONTH('👤 Tan'!L52:L151)=8)*(YEAR('👤 Tan'!L52:L151)=2026),0)*'👤 Tan'!I52:I151)+SUMPRODUCT(IFERROR((MONTH('👤 Aoey'!L42:L141)=8)*(YEAR('👤 Aoey'!L42:L141)=2026),0)*'👤 Aoey'!I42:I141)+SUMPRODUCT(IFERROR((MONTH('👤 Other Sales'!L42:L141)=8)*(YEAR('👤 Other Sales'!L42:L141)=2026),0)*'👤 Other Sales'!I42:I141) -> 0 | V11: =SUMPRODUCT(IFERROR((MONTH('👤 Mew'!M58:M228)=8)*(YEAR('👤 Mew'!M58:M228)=2026),0)*'👤 Mew'!I58:I228)+SUMPRODUCT(IFERROR((MONTH('👤 Napat'!M42:M144)=8)*(YEAR('👤 Napat'!M42:M144)=2026),0)*'👤 Napat'!I42:I144)+SUMPRODUCT(IFERROR((MONTH('👤 Tan'!M52:M151)=8)*(YEAR('👤 Tan'!M52:M151)=2026),0)*'👤 Tan'!I52:I151)+SUMPRODUCT(IFERROR((MONTH('👤 Aoey'!M42:M141)=8)*(YEAR('👤 Aoey'!M42:M141)=2026),0)*'👤 Aoey'!I42:I141)+SUMPRODUCT(IFERROR((MONTH('👤 Other Sales'!M42:M141)=8)*(YEAR('👤 Other Sales'!M42:M141)=2026),0)*'👤 Other Sales'!I42:I141) -> 0
A12: Napat | B12: =SUMIF('👤 Napat'!B42:B144,"<>Delivered",'👤 Napat'!I42:I144) -> 15480135 | C12: =SUM('👤 Napat'!K42:K144) -> 11678202 | D12: =SUMPRODUCT(('👤 Napat'!B42:B144="Deal Signed")*IFERROR((MONTH('👤 Napat'!L42:L144)=MONTH(TODAY()))*(YEAR('👤 Napat'!L42:L144)=YEAR(TODAY())),0)*'👤 Napat'!I42:I144)+SUMPRODUCT(('👤 Napat'!B42:B144="Delivered")*IFERROR((MONTH('👤 Napat'!L42:L144)=MONTH(TODAY()))*(YEAR('👤 Napat'!L42:L144)=YEAR(TODAY())),0)*'👤 Napat'!I42:I144) -> 0 | E12: ='⚙ Control Panel'!$A$23 -> 3000000 | F12: =IFERROR(D12/E12,0) -> 0 | G12: =COUNTIF('👤 Napat'!D42:D144,"High") -> 9 | H12: =COUNTIF('👤 Napat'!B42:B144,"Negotiating") -> 0 | I12: =COUNTIF('👤 Napat'!B42:B144,"Deal Signed") -> 0 | J12: =COUNTIF('👤 Napat'!B42:B144,"Delivered") -> 7 | S12: Sep | T12: 15000000 | U12: =SUMPRODUCT(IFERROR((MONTH('👤 Mew'!L58:L228)=9)*(YEAR('👤 Mew'!L58:L228)=2026),0)*'👤 Mew'!I58:I228)+SUMPRODUCT(IFERROR((MONTH('👤 Napat'!L42:L144)=9)*(YEAR('👤 Napat'!L42:L144)=2026),0)*'👤 Napat'!I42:I144)+SUMPRODUCT(IFERROR((MONTH('👤 Tan'!L52:L151)=9)*(YEAR('👤 Tan'!L52:L151)=2026),0)*'👤 Tan'!I52:I151)+SUMPRODUCT(IFERROR((MONTH('👤 Aoey'!L42:L141)=9)*(YEAR('👤 Aoey'!L42:L141)=2026),0)*'👤 Aoey'!I42:I141)+SUMPRODUCT(IFERROR((MONTH('👤 Other Sales'!L42:L141)=9)*(YEAR('👤 Other Sales'!L42:L141)=2026),0)*'👤 Other Sales'!I42:I141) -> 0 | V12: =SUMPRODUCT(IFERROR((MONTH('👤 Mew'!M58:M228)=9)*(YEAR('👤 Mew'!M58:M228)=2026),0)*'👤 Mew'!I58:I228)+SUMPRODUCT(IFERROR((MONTH('👤 Napat'!M42:M144)=9)*(YEAR('👤 Napat'!M42:M144)=2026),0)*'👤 Napat'!I42:I144)+SUMPRODUCT(IFERROR((MONTH('👤 Tan'!M52:M151)=9)*(YEAR('👤 Tan'!M52:M151)=2026),0)*'👤 Tan'!I52:I151)+SUMPRODUCT(IFERROR((MONTH('👤 Aoey'!M42:M141)=9)*(YEAR('👤 Aoey'!M42:M141)=2026),0)*'👤 Aoey'!I42:I141)+SUMPRODUCT(IFERROR((MONTH('👤 Other Sales'!M42:M141)=9)*(YEAR('👤 Other Sales'!M42:M141)=2026),0)*'👤 Other Sales'!I42:I141) -> 0
A13: Tan | B13: =SUMIF('👤 Tan'!B52:B151,"<>Delivered",'👤 Tan'!I52:I151) -> 50605750 | C13: =SUM('👤 Tan'!K52:K151) -> 48716158 | D13: =SUMPRODUCT(('👤 Tan'!B52:B151="Deal Signed")*IFERROR((MONTH('👤 Tan'!L52:L151)=MONTH(TODAY()))*(YEAR('👤 Tan'!L52:L151)=YEAR(TODAY())),0)*'👤 Tan'!I52:I151)+SUMPRODUCT(('👤 Tan'!B52:B151="Delivered")*IFERROR((MONTH('👤 Tan'!L52:L151)=MONTH(TODAY()))*(YEAR('👤 Tan'!L52:L151)=YEAR(TODAY())),0)*'👤 Tan'!I52:I151) -> 0 | E13: ='⚙ Control Panel'!$A$23 -> 3000000 | F13: =IFERROR(D13/E13,0) -> 0 | G13: =COUNTIF('👤 Tan'!D52:D151,"High") -> 14 | H13: =COUNTIF('👤 Tan'!B52:B151,"Negotiating") -> 3 | I13: =COUNTIF('👤 Tan'!B52:B151,"Deal Signed") -> 7 | J13: =COUNTIF('👤 Tan'!B52:B151,"Delivered") -> 0 | S13: Oct | T13: 15000000 | U13: =SUMPRODUCT(IFERROR((MONTH('👤 Mew'!L58:L228)=10)*(YEAR('👤 Mew'!L58:L228)=2026),0)*'👤 Mew'!I58:I228)+SUMPRODUCT(IFERROR((MONTH('👤 Napat'!L42:L144)=10)*(YEAR('👤 Napat'!L42:L144)=2026),0)*'👤 Napat'!I42:I144)+SUMPRODUCT(IFERROR((MONTH('👤 Tan'!L52:L151)=10)*(YEAR('👤 Tan'!L52:L151)=2026),0)*'👤 Tan'!I52:I151)+SUMPRODUCT(IFERROR((MONTH('👤 Aoey'!L42:L141)=10)*(YEAR('👤 Aoey'!L42:L141)=2026),0)*'👤 Aoey'!I42:I141)+SUMPRODUCT(IFERROR((MONTH('👤 Other Sales'!L42:L141)=10)*(YEAR('👤 Other Sales'!L42:L141)=2026),0)*'👤 Other Sales'!I42:I141) -> 0 | V13: =SUMPRODUCT(IFERROR((MONTH('👤 Mew'!M58:M228)=10)*(YEAR('👤 Mew'!M58:M228)=2026),0)*'👤 Mew'!I58:I228)+SUMPRODUCT(IFERROR((MONTH('👤 Napat'!M42:M144)=10)*(YEAR('👤 Napat'!M42:M144)=2026),0)*'👤 Napat'!I42:I144)+SUMPRODUCT(IFERROR((MONTH('👤 Tan'!M52:M151)=10)*(YEAR('👤 Tan'!M52:M151)=2026),0)*'👤 Tan'!I52:I151)+SUMPRODUCT(IFERROR((MONTH('👤 Aoey'!M42:M141)=10)*(YEAR('👤 Aoey'!M42:M141)=2026),0)*'👤 Aoey'!I42:I141)+SUMPRODUCT(IFERROR((MONTH('👤 Other Sales'!M42:M141)=10)*(YEAR('👤 Other Sales'!M42:M141)=2026),0)*'👤 Other Sales'!I42:I141) -> 0
A14: Aoey | B14: =SUMIF('👤 Aoey'!B42:B141,"<>Delivered",'👤 Aoey'!I42:I141) -> 0 | C14: =SUM('👤 Aoey'!K42:K141) -> 792955 | D14: =SUMPRODUCT(('👤 Aoey'!B42:B141="Deal Signed")*IFERROR((MONTH('👤 Aoey'!L42:L141)=MONTH(TODAY()))*(YEAR('👤 Aoey'!L42:L141)=YEAR(TODAY())),0)*'👤 Aoey'!I42:I141)+SUMPRODUCT(('👤 Aoey'!B42:B141="Delivered")*IFERROR((MONTH('👤 Aoey'!L42:L141)=MONTH(TODAY()))*(YEAR('👤 Aoey'!L42:L141)=YEAR(TODAY())),0)*'👤 Aoey'!I42:I141) -> 0 | E14: ='⚙ Control Panel'!$A$23 -> 3000000 | F14: =IFERROR(D14/E14,0) -> 0 | G14: =COUNTIF('👤 Aoey'!D42:D141,"High") -> 8 | H14: =COUNTIF('👤 Aoey'!B42:B141,"Negotiating") -> 0 | I14: =COUNTIF('👤 Aoey'!B42:B141,"Deal Signed") -> 0 | J14: =COUNTIF('👤 Aoey'!B42:B141,"Delivered") -> 8 | S14: Nov | T14: 15000000 | U14: =SUMPRODUCT(IFERROR((MONTH('👤 Mew'!L58:L228)=11)*(YEAR('👤 Mew'!L58:L228)=2026),0)*'👤 Mew'!I58:I228)+SUMPRODUCT(IFERROR((MONTH('👤 Napat'!L42:L144)=11)*(YEAR('👤 Napat'!L42:L144)=2026),0)*'👤 Napat'!I42:I144)+SUMPRODUCT(IFERROR((MONTH('👤 Tan'!L52:L151)=11)*(YEAR('👤 Tan'!L52:L151)=2026),0)*'👤 Tan'!I52:I151)+SUMPRODUCT(IFERROR((MONTH('👤 Aoey'!L42:L141)=11)*(YEAR('👤 Aoey'!L42:L141)=2026),0)*'👤 Aoey'!I42:I141)+SUMPRODUCT(IFERROR((MONTH('👤 Other Sales'!L42:L141)=11)*(YEAR('👤 Other Sales'!L42:L141)=2026),0)*'👤 Other Sales'!I42:I141) -> 0 | V14: =SUMPRODUCT(IFERROR((MONTH('👤 Mew'!M58:M228)=11)*(YEAR('👤 Mew'!M58:M228)=2026),0)*'👤 Mew'!I58:I228)+SUMPRODUCT(IFERROR((MONTH('👤 Napat'!M42:M144)=11)*(YEAR('👤 Napat'!M42:M144)=2026),0)*'👤 Napat'!I42:I144)+SUMPRODUCT(IFERROR((MONTH('👤 Tan'!M52:M151)=11)*(YEAR('👤 Tan'!M52:M151)=2026),0)*'👤 Tan'!I52:I151)+SUMPRODUCT(IFERROR((MONTH('👤 Aoey'!M42:M141)=11)*(YEAR('👤 Aoey'!M42:M141)=2026),0)*'👤 Aoey'!I42:I141)+SUMPRODUCT(IFERROR((MONTH('👤 Other Sales'!M42:M141)=11)*(YEAR('👤 Other Sales'!M42:M141)=2026),0)*'👤 Other Sales'!I42:I141) -> 0
A15: Other Sales | B15: =SUMIF('👤 Other Sales'!B42:B141,"<>Delivered",'👤 Other Sales'!I42:I141) -> 0 | C15: =SUM('👤 Other Sales'!K42:K141) -> 0 | D15: =SUMPRODUCT(('👤 Other Sales'!B42:B141="Deal Signed")*IFERROR((MONTH('👤 Other Sales'!L42:L141)=MONTH(TODAY()))*(YEAR('👤 Other Sales'!L42:L141)=YEAR(TODAY())),0)*'👤 Other Sales'!I42:I141)+SUMPRODUCT(('👤 Other Sales'!B42:B141="Delivered")*IFERROR((MONTH('👤 Other Sales'!L42:L141)=MONTH(TODAY()))*(YEAR('👤 Other Sales'!L42:L141)=YEAR(TODAY())),0)*'👤 Other Sales'!I42:I141) -> 0 | E15: 0 | F15: =IFERROR(D15/E15,0) -> 0 | G15: =COUNTIF('👤 Other Sales'!D42:D141,"High") -> 0 | H15: =COUNTIF('👤 Other Sales'!B42:B141,"Negotiating") -> 0 | I15: =COUNTIF('👤 Other Sales'!B42:B141,"Deal Signed") -> 0 | J15: =COUNTIF('👤 Other Sales'!B42:B141,"Delivered") -> 0 | S15: Dec | T15: 15000000 | U15: =SUMPRODUCT(IFERROR((MONTH('👤 Mew'!L58:L228)=12)*(YEAR('👤 Mew'!L58:L228)=2026),0)*'👤 Mew'!I58:I228)+SUMPRODUCT(IFERROR((MONTH('👤 Napat'!L42:L144)=12)*(YEAR('👤 Napat'!L42:L144)=2026),0)*'👤 Napat'!I42:I144)+SUMPRODUCT(IFERROR((MONTH('👤 Tan'!L52:L151)=12)*(YEAR('👤 Tan'!L52:L151)=2026),0)*'👤 Tan'!I52:I151)+SUMPRODUCT(IFERROR((MONTH('👤 Aoey'!L42:L141)=12)*(YEAR('👤 Aoey'!L42:L141)=2026),0)*'👤 Aoey'!I42:I141)+SUMPRODUCT(IFERROR((MONTH('👤 Other Sales'!L42:L141)=12)*(YEAR('👤 Other Sales'!L42:L141)=2026),0)*'👤 Other Sales'!I42:I141) -> 0 | V15: =SUMPRODUCT(IFERROR((MONTH('👤 Mew'!M58:M228)=12)*(YEAR('👤 Mew'!M58:M228)=2026),0)*'👤 Mew'!I58:I228)+SUMPRODUCT(IFERROR((MONTH('👤 Napat'!M42:M144)=12)*(YEAR('👤 Napat'!M42:M144)=2026),0)*'👤 Napat'!I42:I144)+SUMPRODUCT(IFERROR((MONTH('👤 Tan'!M52:M151)=12)*(YEAR('👤 Tan'!M52:M151)=2026),0)*'👤 Tan'!I52:I151)+SUMPRODUCT(IFERROR((MONTH('👤 Aoey'!M42:M141)=12)*(YEAR('👤 Aoey'!M42:M141)=2026),0)*'👤 Aoey'!I42:I141)+SUMPRODUCT(IFERROR((MONTH('👤 Other Sales'!M42:M141)=12)*(YEAR('👤 Other Sales'!M42:M141)=2026),0)*'👤 Other Sales'!I42:I141) -> 0
A16: TOTAL | B16: =SUM(B11:B15) -> 74811375 | C16: =SUM(C11:C15) -> 95155474 | D16: =SUM(D11:D15) -> 0 | E16: =SUM(E11:E15) -> 12000000 | F16: =IFERROR(D16/E16,0) -> 0 | G16: =SUM(G11:G15) -> 56 | H16: =SUM(H11:H15) -> 3 | I16: =SUM(I11:I15) -> 23 | J16: =SUM(J11:J15) -> 114
A17: 📈 TEAM MONTHLY SALES TREND — 2026
A41: 🔻 Pipeline by Stage (per Salesperson)
A42: Stage | B42: Mew | C42: Napat | D42: Tan | E42: Aoey | F42: Other Sales | G42: Total Deals | H42: Total Value (THB) | I42: % of Pipeline
A43: Interest | B43: =COUNTIF('👤 Mew'!B42:B228,"Interest") -> 5 | C43: =COUNTIF('👤 Napat'!B42:B144,"Interest") -> 2 | D43: =COUNTIF('👤 Tan'!B52:B151,"Interest") -> 2 | E43: =COUNTIF('👤 Aoey'!B42:B141,"Interest") -> 0 | F43: =COUNTIF('👤 Other Sales'!B42:B141,"Interest") -> 0 | G43: =SUM(B43:F43) -> 9 | H43: =SUMIF('👤 Mew'!B42:B228,"Interest",'👤 Mew'!I42:I228)+SUMIF('👤 Napat'!B42:B144,"Interest",'👤 Napat'!I42:I144)+SUMIF('👤 Tan'!B52:B151,"Interest",'👤 Tan'!I52:I151)+SUMIF('👤 Aoey'!B42:B141,"Interest",'👤 Aoey'!I42:I141)+SUMIF('👤 Other Sales'!B42:B141,"Interest",'👤 Other Sales'!I42:I141) -> 25252937 | I43: =IFERROR((SUMIF('👤 Mew'!B42:B228,"Interest",'👤 Mew'!I42:I228)+SUMIF('👤 Napat'!B42:B144,"Interest",'👤 Napat'!I42:I144)+SUMIF('👤 Tan'!B52:B151,"Interest",'👤 Tan'!I52:I151)+SUMIF('👤 Aoey'!B42:B141,"Interest",'👤 Aoey'!I42:I141)+SUMIF('👤 Other Sales'!B42:B141,"Interest",'👤 Other Sales'!I42:I141))/(SUM('👤 Mew'!I42:I228)+SUM('👤 Napat'!I42:I144)+SUM('👤 Tan'!I52:I151)+SUM('👤 Aoey'!I42:I141)+SUM('👤 Other Sales'!I42:I141)),0) -> 0.24561178
A44: Send PI | B44: =COUNTIF('👤 Mew'!B42:B228,"Send PI") -> 0 | C44: =COUNTIF('👤 Napat'!B42:B144,"Send PI") -> 0 | D44: =COUNTIF('👤 Tan'!B52:B151,"Send PI") -> 3 | E44: =COUNTIF('👤 Aoey'!B42:B141,"Send PI") -> 0 | F44: =COUNTIF('👤 Other Sales'!B42:B141,"Send PI") -> 0 | G44: =SUM(B44:F44) -> 3 | H44: =SUMIF('👤 Mew'!B42:B228,"Send PI",'👤 Mew'!I42:I228)+SUMIF('👤 Napat'!B42:B144,"Send PI",'👤 Napat'!I42:I144)+SUMIF('👤 Tan'!B52:B151,"Send PI",'👤 Tan'!I52:I151)+SUMIF('👤 Aoey'!B42:B141,"Send PI",'👤 Aoey'!I42:I141)+SUMIF('👤 Other Sales'!B42:B141,"Send PI",'👤 Other Sales'!I42:I141) -> 2332018 | I44: =IFERROR((SUMIF('👤 Mew'!B42:B228,"Send PI",'👤 Mew'!I42:I228)+SUMIF('👤 Napat'!B42:B144,"Send PI",'👤 Napat'!I42:I144)+SUMIF('👤 Tan'!B52:B151,"Send PI",'👤 Tan'!I52:I151)+SUMIF('👤 Aoey'!B42:B141,"Send PI",'👤 Aoey'!I42:I141)+SUMIF('👤 Other Sales'!B42:B141,"Send PI",'👤 Other Sales'!I42:I141))/(SUM('👤 Mew'!I42:I228)+SUM('👤 Napat'!I42:I144)+SUM('👤 Tan'!I52:I151)+SUM('👤 Aoey'!I42:I141)+SUM('👤 Other Sales'!I42:I141)),0) -> 0.022681365
A45: Negotiating | B45: =COUNTIF('👤 Mew'!B42:B228,"Negotiating") -> 0 | C45: =COUNTIF('👤 Napat'!B42:B144,"Negotiating") -> 0 | D45: =COUNTIF('👤 Tan'!B52:B151,"Negotiating") -> 3 | E45: =COUNTIF('👤 Aoey'!B42:B141,"Negotiating") -> 0 | F45: =COUNTIF('👤 Other Sales'!B42:B141,"Negotiating") -> 0 | G45: =SUM(B45:F45) -> 3 | H45: =SUMIF('👤 Mew'!B42:B228,"Negotiating",'👤 Mew'!I42:I228)+SUMIF('👤 Napat'!B42:B144,"Negotiating",'👤 Napat'!I42:I144)+SUMIF('👤 Tan'!B52:B151,"Negotiating",'👤 Tan'!I52:I151)+SUMIF('👤 Aoey'!B42:B141,"Negotiating",'👤 Aoey'!I42:I141)+SUMIF('👤 Other Sales'!B42:B141,"Negotiating",'👤 Other Sales'!I42:I141) -> 3082224 | I45: =IFERROR((SUMIF('👤 Mew'!B42:B228,"Negotiating",'👤 Mew'!I42:I228)+SUMIF('👤 Napat'!B42:B144,"Negotiating",'👤 Napat'!I42:I144)+SUMIF('👤 Tan'!B52:B151,"Negotiating",'👤 Tan'!I52:I151)+SUMIF('👤 Aoey'!B42:B141,"Negotiating",'👤 Aoey'!I42:I141)+SUMIF('👤 Other Sales'!B42:B141,"Negotiating",'👤 Other Sales'!I42:I141))/(SUM('👤 Mew'!I42:I228)+SUM('👤 Napat'!I42:I144)+SUM('👤 Tan'!I52:I151)+SUM('👤 Aoey'!I42:I141)+SUM('👤 Other Sales'!I42:I141)),0) -> 0.029977919
A46: Deal Signed | B46: =COUNTIF('👤 Mew'!B42:B228,"Deal Signed") -> 16 | C46: =COUNTIF('👤 Napat'!B42:B144,"Deal Signed") -> 0 | D46: =COUNTIF('👤 Tan'!B52:B151,"Deal Signed") -> 7 | E46: =COUNTIF('👤 Aoey'!B42:B141,"Deal Signed") -> 0 | F46: =COUNTIF('👤 Other Sales'!B42:B141,"Deal Signed") -> 0 | G46: =SUM(B46:F46) -> 23 | H46: =SUMIF('👤 Mew'!B42:B228,"Deal Signed",'👤 Mew'!I42:I228)+SUMIF('👤 Napat'!B42:B144,"Deal Signed",'👤 Napat'!I42:I144)+SUMIF('👤 Tan'!B52:B151,"Deal Signed",'👤 Tan'!I52:I151)+SUMIF('👤 Aoey'!B42:B141,"Deal Signed",'👤 Aoey'!I42:I141)+SUMIF('👤 Other Sales'!B42:B141,"Deal Signed",'👤 Other Sales'!I42:I141) -> 44118019 | I46: =IFERROR((SUMIF('👤 Mew'!B42:B228,"Deal Signed",'👤 Mew'!I42:I228)+SUMIF('👤 Napat'!B42:B144,"Deal Signed",'👤 Napat'!I42:I144)+SUMIF('👤 Tan'!B52:B151,"Deal Signed",'👤 Tan'!I52:I151)+SUMIF('👤 Aoey'!B42:B141,"Deal Signed",'👤 Aoey'!I42:I141)+SUMIF('👤 Other Sales'!B42:B141,"Deal Signed",'👤 Other Sales'!I42:I141))/(SUM('👤 Mew'!I42:I228)+SUM('👤 Napat'!I42:I144)+SUM('👤 Tan'!I52:I151)+SUM('👤 Aoey'!I42:I141)+SUM('👤 Other Sales'!I42:I141)),0) -> 0.42909484
A47: Delivered | B47: =COUNTIF('👤 Mew'!B42:B228,"Delivered") -> 99 | C47: =COUNTIF('👤 Napat'!B42:B144,"Delivered") -> 7 | D47: =COUNTIF('👤 Tan'!B52:B151,"Delivered") -> 0 | E47: =COUNTIF('👤 Aoey'!B42:B141,"Delivered") -> 8 | F47: =COUNTIF('👤 Other Sales'!B42:B141,"Delivered") -> 0 | G47: =SUM(B47:F47) -> 114 | H47: =SUMIF('👤 Mew'!B42:B228,"Delivered",'👤 Mew'!I42:I228)+SUMIF('👤 Napat'!B42:B144,"Delivered",'👤 Napat'!I42:I144)+SUMIF('👤 Tan'!B52:B151,"Delivered",'👤 Tan'!I52:I151)+SUMIF('👤 Aoey'!B42:B141,"Delivered",'👤 Aoey'!I42:I141)+SUMIF('👤 Other Sales'!B42:B141,"Delivered",'👤 Other Sales'!I42:I141) -> 28005100 | I47: =IFERROR((SUMIF('👤 Mew'!B42:B228,"Delivered",'👤 Mew'!I42:I228)+SUMIF('👤 Napat'!B42:B144,"Delivered",'👤 Napat'!I42:I144)+SUMIF('👤 Tan'!B52:B151,"Delivered",'👤 Tan'!I52:I151)+SUMIF('👤 Aoey'!B42:B141,"Delivered",'👤 Aoey'!I42:I141)+SUMIF('👤 Other Sales'!B42:B141,"Delivered",'👤 Other Sales'!I42:I141))/(SUM('👤 Mew'!I42:I228)+SUM('👤 Napat'!I42:I144)+SUM('👤 Tan'!I52:I151)+SUM('👤 Aoey'!I42:I141)+SUM('👤 Other Sales'!I42:I141)),0) -> 0.2723795
A48: Lost | B48: =COUNTIF('👤 Mew'!B42:B228,"Lost") -> 0 | C48: =COUNTIF('👤 Napat'!B42:B144,"Lost") -> 1 | D48: =COUNTIF('👤 Tan'!B52:B151,"Lost") -> 0 | E48: =COUNTIF('👤 Aoey'!B42:B141,"Lost") -> 0 | F48: =COUNTIF('👤 Other Sales'!B42:B141,"Lost") -> 0 | G48: =SUM(B48:F48) -> 1
A50: 📦 Pipeline by Product Category
A51: Category | B51: # Deals | C51: Value (THB) | D51: % Share
A52: Steel | B52: =COUNTIF('👤 Mew'!E42:E228,"Steel")+COUNTIF('👤 Napat'!E42:E144,"Steel")+COUNTIF('👤 Tan'!E52:E151,"Steel")+COUNTIF('👤 Aoey'!E42:E141,"Steel")+COUNTIF('👤 Other Sales'!E42:E141,"Steel") -> 42 | C52: =SUMIF('👤 Mew'!E42:E228,"Steel",'👤 Mew'!I42:I228)+SUMIF('👤 Napat'!E42:E144,"Steel",'👤 Napat'!I42:I144)+SUMIF('👤 Tan'!E52:E151,"Steel",'👤 Tan'!I52:I151)+SUMIF('👤 Aoey'!E42:E141,"Steel",'👤 Aoey'!I42:I141)+SUMIF('👤 Other Sales'!E42:E141,"Steel",'👤 Other Sales'!I42:I141) -> 22055506 | D52: =IFERROR((SUMIF('👤 Mew'!E42:E228,"Steel",'👤 Mew'!I42:I228)+SUMIF('👤 Napat'!E42:E144,"Steel",'👤 Napat'!I42:I144)+SUMIF('👤 Tan'!E52:E151,"Steel",'👤 Tan'!I52:I151)+SUMIF('👤 Aoey'!E42:E141,"Steel",'👤 Aoey'!I42:I141)+SUMIF('👤 Other Sales'!E42:E141,"Steel",'👤 Other Sales'!I42:I141))/(SUM('👤 Mew'!I42:I228)+SUM('👤 Napat'!I42:I144)+SUM('👤 Tan'!I52:I151)+SUM('👤 Aoey'!I42:I141)+SUM('👤 Other Sales'!I42:I141)),0) -> 0.21451335
A53: Chair | B53: =COUNTIF('👤 Mew'!E42:E228,"Chair")+COUNTIF('👤 Napat'!E42:E144,"Chair")+COUNTIF('👤 Tan'!E52:E151,"Chair")+COUNTIF('👤 Aoey'!E42:E141,"Chair")+COUNTIF('👤 Other Sales'!E42:E141,"Chair") -> 37 | C53: =SUMIF('👤 Mew'!E42:E228,"Chair",'👤 Mew'!I42:I228)+SUMIF('👤 Napat'!E42:E144,"Chair",'👤 Napat'!I42:I144)+SUMIF('👤 Tan'!E52:E151,"Chair",'👤 Tan'!I52:I151)+SUMIF('👤 Aoey'!E42:E141,"Chair",'👤 Aoey'!I42:I141)+SUMIF('👤 Other Sales'!E42:E141,"Chair",'👤 Other Sales'!I42:I141) -> 9306072 | D53: =IFERROR((SUMIF('👤 Mew'!E42:E228,"Chair",'👤 Mew'!I42:I228)+SUMIF('👤 Napat'!E42:E144,"Chair",'👤 Napat'!I42:I144)+SUMIF('👤 Tan'!E52:E151,"Chair",'👤 Tan'!I52:I151)+SUMIF('👤 Aoey'!E42:E141,"Chair",'👤 Aoey'!I42:I141)+SUMIF('👤 Other Sales'!E42:E141,"Chair",'👤 Other Sales'!I42:I141))/(SUM('👤 Mew'!I42:I228)+SUM('👤 Napat'!I42:I144)+SUM('👤 Tan'!I52:I151)+SUM('👤 Aoey'!I42:I141)+SUM('👤 Other Sales'!I42:I141)),0) -> 0.090511487
A54: Wooden | B54: =COUNTIF('👤 Mew'!E42:E228,"Wooden")+COUNTIF('👤 Napat'!E42:E144,"Wooden")+COUNTIF('👤 Tan'!E52:E151,"Wooden")+COUNTIF('👤 Aoey'!E42:E141,"Wooden")+COUNTIF('👤 Other Sales'!E42:E141,"Wooden") -> 71 | C54: =SUMIF('👤 Mew'!E42:E228,"Wooden",'👤 Mew'!I42:I228)+SUMIF('👤 Napat'!E42:E144,"Wooden",'👤 Napat'!I42:I144)+SUMIF('👤 Tan'!E52:E151,"Wooden",'👤 Tan'!I52:I151)+SUMIF('👤 Aoey'!E42:E141,"Wooden",'👤 Aoey'!I42:I141)+SUMIF('👤 Other Sales'!E42:E141,"Wooden",'👤 Other Sales'!I42:I141) -> 71426593 | D54: =IFERROR((SUMIF('👤 Mew'!E42:E228,"Wooden",'👤 Mew'!I42:I228)+SUMIF('👤 Napat'!E42:E144,"Wooden",'👤 Napat'!I42:I144)+SUMIF('👤 Tan'!E52:E151,"Wooden",'👤 Tan'!I52:I151)+SUMIF('👤 Aoey'!E42:E141,"Wooden",'👤 Aoey'!I42:I141)+SUMIF('👤 Other Sales'!E42:E141,"Wooden",'👤 Other Sales'!I42:I141))/(SUM('👤 Mew'!I42:I228)+SUM('👤 Napat'!I42:I144)+SUM('👤 Tan'!I52:I151)+SUM('👤 Aoey'!I42:I141)+SUM('👤 Other Sales'!I42:I141)),0) -> 0.69469988
A57: 🏷️ Pipeline by Brand
A58: Brand | B58: # Deals | C58: Value (THB) | D58: % Share
A59: Sunon | B59: =COUNTIF('👤 Mew'!F42:F228,"Sunon")+COUNTIF('👤 Napat'!F42:F144,"Sunon")+COUNTIF('👤 Tan'!F52:F151,"Sunon")+COUNTIF('👤 Aoey'!F42:F141,"Sunon")+COUNTIF('👤 Other Sales'!F42:F141,"Sunon") -> 7 | C59: =SUMIF('👤 Mew'!F42:F228,"Sunon",'👤 Mew'!I42:I228)+SUMIF('👤 Napat'!F42:F144,"Sunon",'👤 Napat'!I42:I144)+SUMIF('👤 Tan'!F52:F151,"Sunon",'👤 Tan'!I52:I151)+SUMIF('👤 Aoey'!F42:F141,"Sunon",'👤 Aoey'!I42:I141)+SUMIF('👤 Other Sales'!F42:F141,"Sunon",'👤 Other Sales'!I42:I141) -> 15843033 | D59: =IFERROR((SUMIF('👤 Mew'!F42:F228,"Sunon",'👤 Mew'!I42:I228)+SUMIF('👤 Napat'!F42:F144,"Sunon",'👤 Napat'!I42:I144)+SUMIF('👤 Tan'!F52:F151,"Sunon",'👤 Tan'!I52:I151)+SUMIF('👤 Aoey'!F42:F141,"Sunon",'👤 Aoey'!I42:I141)+SUMIF('👤 Other Sales'!F42:F141,"Sunon",'👤 Other Sales'!I42:I141))/(SUM('👤 Mew'!I42:I228)+SUM('👤 Napat'!I42:I144)+SUM('👤 Tan'!I52:I151)+SUM('👤 Aoey'!I42:I141)+SUM('👤 Other Sales'!I42:I141)),0) -> 0.15409041
A60: Taiyo | B60: =COUNTIF('👤 Mew'!F42:F228,"Taiyo")+COUNTIF('👤 Napat'!F42:F144,"Taiyo")+COUNTIF('👤 Tan'!F52:F151,"Taiyo")+COUNTIF('👤 Aoey'!F42:F141,"Taiyo")+COUNTIF('👤 Other Sales'!F42:F141,"Taiyo") -> 126 | C60: =SUMIF('👤 Mew'!F42:F228,"Taiyo",'👤 Mew'!I42:I228)+SUMIF('👤 Napat'!F42:F144,"Taiyo",'👤 Napat'!I42:I144)+SUMIF('👤 Tan'!F52:F151,"Taiyo",'👤 Tan'!I52:I151)+SUMIF('👤 Aoey'!F42:F141,"Taiyo",'👤 Aoey'!I42:I141)+SUMIF('👤 Other Sales'!F42:F141,"Taiyo",'👤 Other Sales'!I42:I141) -> 83331000 | D60: =IFERROR((SUMIF('👤 Mew'!F42:F228,"Taiyo",'👤 Mew'!I42:I228)+SUMIF('👤 Napat'!F42:F144,"Taiyo",'👤 Napat'!I42:I144)+SUMIF('👤 Tan'!F52:F151,"Taiyo",'👤 Tan'!I52:I151)+SUMIF('👤 Aoey'!F42:F141,"Taiyo",'👤 Aoey'!I42:I141)+SUMIF('👤 Other Sales'!F42:F141,"Taiyo",'👤 Other Sales'!I42:I141))/(SUM('👤 Mew'!I42:Y228)+SUM('👤 Napat'!I42:I144)+SUM('👤 Tan'!I52:I151)+SUM('👤 Aoey'!I42:I141)+SUM('👤 Other Sales'!I42:I141)),0) -> 0.55922853
A61: Motech | B61: =COUNTIF('👤 Mew'!F42:F228,"Motech")+COUNTIF('👤 Napat'!F42:F144,"Motech")+COUNTIF('👤 Tan'!F52:F151,"Motech")+COUNTIF('👤 Aoey'!F42:F141,"Motech")+COUNTIF('👤 Other Sales'!F42:F141,"Motech") -> 17 | C61: =SUMIF('👤 Mew'!F42:F228,"Motech",'👤 Mew'!I42:I228)+SUMIF('👤 Napat'!F42:F144,"Motech",'👤 Napat'!I42:I144)+SUMIF('👤 Tan'!F52:F151,"Motech",'👤 Tan'!I52:I151)+SUMIF('👤 Aoey'!F42:F141,"Motech",'👤 Aoey'!I42:I141)+SUMIF('👤 Other Sales'!F42:F141,"Motech",'👤 Other Sales'!I42:I141) -> 3411546 | D61: =IFERROR((SUMIF('👤 Mew'!F42:F228,"Motech",'👤 Mew'!I42:I228)+SUMIF('👤 Napat'!F42:F144,"Motech",'👤 Napat'!I42:I144)+SUMIF('👤 Tan'!F52:F151,"Motech",'👤 Tan'!I52:I151)+SUMIF('👤 Aoey'!F42:F141,"Motech",'👤 Aoey'!I42:I141)+SUMIF('👤 Other Sales'!F42:F141,"Motech",'👤 Other Sales'!I42:I141))/(SUM('👤 Mew'!I42:I228)+SUM('👤 Napat'!I42:I144)+SUM('👤 Tan'!I52:I151)+SUM('👤 Aoey'!I42:I141)+SUM('👤 Other Sales'!I42:I141)),0) -> 0.033180927
A62: Hybrida | B62: =COUNTIF('👤 Mew'!F42:F228,"Hybrida")+COUNTIF('👤 Napat'!F42:F144,"Hybrida")+COUNTIF('👤 Tan'!F52:F151,"Hybrida")+COUNTIF('👤 Aoey'!F42:F141,"Hybrida")+COUNTIF('👤 Other Sales'!F42:F141,"Hybrida") -> 1 | C62: =SUMIF('👤 Mew'!F42:F228,"Hybrida",'👤 Mew'!I42:I228)+SUMIF('👤 Napat'!F42:F144,"Hybrida",'👤 Napat'!I42:I144)+SUMIF('👤 Tan'!F52:F151,"Hybrida",'👤 Tan'!I52:I151)+SUMIF('👤 Aoey'!F42:F141,"Hybrida",'👤 Aoey'!I42:I141)+SUMIF('👤 Other Sales'!F42:F141,"Hybrida",'👤 Other Sales'!I42:I141) -> 210000 | D62: =IFERROR((SUMIF('👤 Mew'!F42:F228,"Hybrida",'👤 Mew'!I42:I228)+SUMIF('👤 Napat'!F42:F144,"Hybrida",'👤 Napat'!I42:I144)+SUMIF('👤 Tan'!F52:F151,"Hybrida",'👤 Tan'!I52:I151)+SUMIF('👤 Aoey'!F42:F141,"Hybrida",'👤 Aoey'!I42:I141)+SUMIF('👤 Other Sales'!F42:F141,"Hybrida",'👤 Other Sales'!I42:I141))/(SUM('👤 Mew'!I42:I228)+SUM('👤 Napat'!I42:I144)+SUM('👤 Tan'!I52:I151)+SUM('👤 Aoey'!I42:I141)+SUM('👤 Other Sales'!I42:I141)),0) -> 0.0020424742
A63: Other | B63: =COUNTIF('👤 Mew'!F42:F228,"Other")+COUNTIF('👤 Napat'!F42:F144,"Other")+COUNTIF('👤 Tan'!F52:F151,"Other")+COUNTIF('👤 Aoey'!F42:F141,"Other")+COUNTIF('👤 Other Sales'!F42:F141,"Other") -> 2 | C63: =SUMIF('👤 Mew'!F42:F228,"Other",'👤 Mew'!I42:I228)+SUMIF('👤 Napat'!F42:F144,"Other",'👤 Napat'!I42:I144)+SUMIF('👤 Tan'!F52:F151,"Other",'👤 Tan'!I52:I151)+SUMIF('👤 Aoey'!F42:F141,"Other",'👤 Aoey'!I42:I141)+SUMIF('👤 Other Sales'!F42:F141,"Other",'👤 Other Sales'!I42:I141) -> 20896 | D63: =IFERROR((SUMIF('👤 Mew'!F42:F228,"Other",'👤 Mew'!I42:I228)+SUMIF('👤 Napat'!F42:F144,"Other",'👤 Napat'!I42:I144)+SUMIF('👤 Tan'!F52:F151,"Other",'👤 Tan'!I52:I151)+SUMIF('👤 Aoey'!F42:F141,"Other",'👤 Aoey'!I42:I141)+SUMIF('👤 Other Sales'!F42:F141,"Other",'👤 Other Sales'!I42:I141))/(SUM('👤 Mew'!I42:I228)+SUM('👤 Napat'!I42:I144)+SUM('👤 Tan'!I52:I151)+SUM('👤 Aoey'!I42:I141)+SUM('👤 Other Sales'!I42:I141)),0) -> 0.00020323591

Sheet 👤 Mew
A1: 👤 MEW — Sales Pipeline & Performance
R3: Month | S3: Target | T3: Taken Orders (Deal Signed) | U3: Delivered Orders
A4: 📊 KPI DASHBOARD | R4: Jan | S4: 3000000 | T4: =SUMPRODUCT(IFERROR((MONTH(L42:L228)=1)*(YEAR(L42:L228)=2026),0)*I42:I228) -> 0 | U4: =SUMPRODUCT(IFERROR((MONTH(M42:M228)=1)*(YEAR(M42:M228)=2026),0)*I42:I228) -> 0
A5: Total Pipeline (THB) | E5: Weighted Pipeline (THB) | I5: Signed This Month (THB) | M5: Annual Target (THB) | R5: Feb | S5: 6000000 | T5: =SUMPRODUCT(IFERROR((MONTH(L58:L228)=2)*(YEAR(L58:L228)=2026),0)*I58:I228) -> 0 | U5: =SUMPRODUCT(IFERROR((MONTH(M58:M228)=2)*(YEAR(M58:M228)=2026),0)*I58:I228) -> 0
A6: =SUMIF(B42:B228,"<>Delivered",I42:I228) -> 8725490 | E6: =SUM(K42:K228) -> 33968159 | I6: =SUMPRODUCT((B42:B228="Deal Signed")*IFERROR((MONTH(L42:L228)=MONTH(TODAY()))*(YEAR(L42:L228)=YEAR(TODAY())),0)*I42:I228)+SUMPRODUCT((B42:B228="Delivered")*IFERROR((MONTH(L42:L228)=MONTH(TODAY()))*(YEAR(L42:L228)=YEAR(TODAY())),0)*I42:I228) -> 0 | M6: =SUM(S4:S15) -> 36000000 | R6: Mar | S6: 3000000 | T6: =SUMPRODUCT(IFERROR((MONTH(L58:L228)=3)*(YEAR(L58:L228)=2026),0)*I58:I228) -> 0 | U6: =SUMPRODUCT(IFERROR((MONTH(M58:M228)=3)*(YEAR(M58:M228)=2026),0)*I58:I228) -> 0
R7: Apr | S7: 3000000 | T7: =SUMPRODUCT(IFERROR((MONTH(L58:L228)=4)*(YEAR(L58:L228)=2026),0)*I58:I228) -> 0 | U7: =SUMPRODUCT(IFERROR((MONTH(M58:M228)=4)*(YEAR(M58:M228)=2026),0)*I58:I228) -> 0
R8: May | S8: 2500000 | T8: =SUMPRODUCT(IFERROR((MONTH(L58:L228)=5)*(YEAR(L58:L228)=2026),0)*I58:I228) -> 0 | U8: =SUMPRODUCT(IFERROR((MONTH(M58:M228)=5)*(YEAR(M58:M228)=2026),0)*I58:I228) -> 0
A9: 📋 PIPELINE BREAKDOWN | R9: Jun | S9: 1500000 | T9: =SUMPRODUCT(IFERROR((MONTH(L58:L228)=6)*(YEAR(L58:L228)=2026),0)*I58:I228) -> 0 | U9: =SUMPRODUCT(IFERROR((MONTH(M58:M228)=6)*(YEAR(M58:M228)=2026),0)*I58:I228) -> 0
A10: Stage | B10: # Deals | C10: Value (THB) | D10: % of Pipeline | F10: Priority | G10: # Deals | H10: Value (THB) | I10: % of Pipeline | R10: Jul | S10: 2500000 | T10: =SUMPRODUCT(IFERROR((MONTH(L58:L228)=7)*(YEAR(L58:L228)=2026),0)*I58:I228) -> 0 | U10: =SUMPRODUCT(IFERROR((MONTH(M58:M228)=7)*(YEAR(M58:M228)=2026),0)*I58:I228) -> 0
A11: Interest | B11: =COUNTIF(B42:B228,"Interest") -> 5 | C11: =SUMIF(B42:B228,"Interest",I42:I228) -> 5415555 | D11: =IFERROR(SUMIF(B42:B228,"Interest",I42:I228)/SUM(I42:I228),0) -> 0.15438959 | F11: High | G11: =COUNTIF(D42:D228,"High") -> 25 | H11: =SUMIF(D42:D228,"High",I42:I228) -> 25535606 | I11: =IFERROR(SUMIF(D42:D228,"High",I42:I228)/SUM(I42:I228),0) -> 0.72798294 | R11: Aug | S11: 2500000 | T11: =SUMPRODUCT(IFERROR((MONTH(L58:L228)=8)*(YEAR(L58:L228)=2026),0)*I58:I228) -> 0 | U11: =SUMPRODUCT(IFERROR((MONTH(M58:M228)=8)*(YEAR(M58:M228)=2026),0)*I58:I228) -> 0
A12: Send PI | B12: =COUNTIF(B42:B228,"Send PI") -> 0 | C12: =SUMIF(B42:B228,"Send PI",I42:I228) -> 0 | D12: =IFERROR(SUMIF(B42:B228,"Send PI",I42:I228)/SUM(I42:I228),0) -> 0 | F12: Medium | G12: =COUNTIF(D42:D228,"Medium") -> 37 | H12: =SUMIF(D42:D228,"Medium",I42:I228) -> 7513608 | I12: =IFERROR(SUMIF(D42:D228,"Medium",I42:I228)/SUM(I42:I228),0) -> 0.21420202 | R12: Sep | S12: 2500000 | T12: =SUMPRODUCT(IFERROR((MONTH(L58:L228)=9)*(YEAR(L58:L228)=2026),0)*I58:I228) -> 0 | U12: =SUMPRODUCT(IFERROR((MONTH(M58:M228)=9)*(YEAR(M58:M228)=2026),0)*I58:I228) -> 0
A13: Negotiating | B13: =COUNTIF(B42:B228,"Negotiating") -> 0 | C13: =SUMIF(B42:B228,"Negotiating",I42:I228) -> 0 | D13: =IFERROR(SUMIF(B42:B228,"Negotiating",I42:I228)/SUM(I42:I228),0) -> 0 | F13: Low | G13: =COUNTIF(D42:D228,"Low") -> 58 | H13: =SUMIF(D42:D228,"Low",I42:I228) -> 2027990 | I13: =IFERROR(SUMIF(D42:D228,"Low",I42:I228)/SUM(I42:I228),0) -> 0.057815041 | R13: Oct | S13: 3500000 | T13: =SUMPRODUCT(IFERROR((MONTH(L58:L228)=10)*(YEAR(L58:L228)=2026),0)*I58:I228) -> 0 | U13: =SUMPRODUCT(IFERROR((MONTH(M58:M228)=10)*(YEAR(M58:M228)=2026),0)*I58:I228) -> 0
A14: Deal Signed | B14: =COUNTIF(B42:B228,"Deal Signed") -> 16 | C14: =SUMIF(B42:B228,"Deal Signed",I42:I228) -> 3309935 | D14: =IFERROR(SUMIF(B42:B228,"Deal Signed",I42:I228)/SUM(I42:I228),0) -> 0.094361426 | F14: 🎯 Monthly Progress vs Target | R14: Nov | S14: 3000000 | T14: =SUMPRODUCT(IFERROR((MONTH(L58:L228)=11)*(YEAR(L58:L228)=2026),0)*I58:I228) -> 0 | U14: =SUMPRODUCT(IFERROR((MONTH(M58:M228)=11)*(YEAR(M58:M228)=2026),0)*I58:I228) -> 0
A15: Delivered | B15: =COUNTIF(B42:B228,"Delivered") -> 99 | C15: =SUMIF(B42:B228,"Delivered",I42:I228) -> 26351714 | D15: =IFERROR(SUMIF(B42:B228,"Delivered",I42:I228)/SUM(I42:I228),0) -> 0.75124899 | F15: ="Signed this month: "&TEXT(SUMPRODUCT((B42:B228="Deal Signed")*IFERROR((MONTH(L42:L228)=MONTH(TODAY()))*(YEAR(L42:L228)=YEAR(TODAY())),0)*I42:I228)+SUMPRODUCT((B42:B228="Delivered")*IFERROR((MONTH(L42:L228)=MONTH(TODAY()))*(YEAR(L42:L228)=YEAR(TODAY())),0)*I42:I228),"#,##0")&" THB | Target: "&TEXT('⚙ Control Panel'!$A$23,"#,##0")&" THB" -> Signed this month: 0 THB | Target: 3,000,000 THB | R15: Dec | S15: 3000000 | T15: =SUMPRODUCT(IFERROR((MONTH(L58:L228)=12)*(YEAR(L58:L228)=2026),0)*I58:I228) -> 0 | U15: =SUMPRODUCT(IFERROR((MONTH(M58:M228)=12)*(YEAR(M58:M228)=2026),0)*I58:I228) -> 0
A17: 📈 MONTHLY SALES TREND — 2026 (Target vs Taken vs Delivered)
A41: Project / Client | B41: Stage | C41: Segment | D41: Priority | E41: Product Category | F41: Brand | G41: Fee Structure | H41: Specialization | I41: Deal Value (THB) | J41: Win Prob (%) | K41: Weighted Value (THB) | L41: Order Taken Date | M41: Delivered Date | N41: Est. Close Date | O41: Next Action | P41: Notes | Q41: Project Code
A42: สำนักงานตำรวจแห่งชาติ | B42: Delivered | C42: Gov | D42: Low | E42: Wooden | F42: Motech | G42: No fee | H42: Government | I42: 32196 | J42: 1 | K42: =IF(I42="",0,I42*J42) -> 32196 | M42: 46053 | N42: 46053 | Q42: PJ-2608-00023
A43: กองพลาธิการสำนักงานส่งกำลังบำรุง | B43: Delivered | C43: Gov | D43: Low | E43: Wooden | F43: Taiyo | G43: No fee | H43: Government | I43: 10070 | J43: 1 | K43: =IF(I43="",0,I43*J43) -> 10070 | M43: 46052 | N43: 46053 | Q43: PJ-2608-00024
A44: บ.เอพีพี ดีเวลลอปเม้น | B44: Delivered | C44: Private | D44: Low | E44: Chair | F44: Taiyo | G44: No fee | H44: Office | I44: 271532 | J44: 1 | K44: =IF(I44="",0,I44*J44) -> 271532 | M44: 46052 | N44: 46053 | Q44: PJ-2608-00025
A45: บ.ซิสเต็ม โลจิสติกส์ | B45: Delivered | C45: Private | D45: Low | E45: Wooden | F45: Motech | G45: No fee | H45: Office | I45: 21600 | J45: 1 | K45: =IF(I45="",0,I45*J45) -> 21600 | M45: 46052 | N45: 46053 | Q45: PJ-2608-00026
A46: บ.เอส.เค.สมาร์ท ไอเดีย | B46: Delivered | C46: Private | D46: Low | E46: Steel | F46: Taiyo | G46: Client to resell | H46: Office | I46: 9760 | J46: 1 | K46: =IF(I46="",0,I46*J46) -> 9760 | M46: 46052 | N46: 46053 | Q46: PJ-2608-00027
A47: บ.ไมด้า พร็อพเพอร์ตี้ | B47: Delivered | C47: Private | D47: Low | E47: Chair | F47: Taiyo | G47: No fee | H47: Office | I47: 4205 | J47: 1 | K47: =IF(I47="",0,I47*J47) -> 4205 | M47: 46052 | N47: 46053 | Q47: PJ-2608-00028
A48: บ.โดูล่า กรุ๊ป จำกัด | B48: Delivered | C48: Private | D48: Low | E48: Chair | F48: Other | G48: Client to resell | H48: Office | I48: 3930 | J48: 1 | K48: =IF(I48="",0,I48*J48) -> 3930 | M48: 46052 | N48: 46053 | Q48: PJ-2608-00029
A49: บ.ซิเลสติกา (ประเทศไทย) จำกัด | B49: Delivered | C49: Private | D49: High | E49: Steel | F49: Taiyo | G49: No fee | H49: Office | I49: 759490 | J49: 1 | K49: =IF(I49="",0,I49*J49) -> 759490 | M49: 46052 | N49: 46053 | Q49: PJ-2608-00030
A50: บ.เอเชีย คลีน อินดัสตรี | B50: Delivered | C50: Private | D50: Low | E50: Wooden | F50: Taiyo | G50: No fee | H50: Office | I50: 49502 | J50: 1 | K50: =IF(I50="",0,I50*J50) -> 49502 | M50: 46052 | N50: 46053 | Q50: PJ-2608-00031
A51: บ.โปรเน็ตเวิร์ค ซิสเต็มส์ | B51: Delivered | C51: Private | D51: Medium | E51: Wooden | F51: Taiyo | G51: Client to resell | H51: Education | I51: 103287 | J51: 1 | K51: =IF(I51="",0,I51*J51) -> 103287 | M51: 46052 | N51: 46053 | Q51: PJ-2608-00032
A52: บ.ทรานส์เพอร์เทชั่น | B52: Delivered | C52: Private | D52: Medium | E52: Wooden | F52: Taiyo | G52: Client to resell | H52: Education | I52: 102587 | J52: 1 | K52: =IF(I52="",0,I52*J52) -> 102587 | M52: 46052 | N52: 46053 | Q52: PJ-2608-00033
A53: บ.ไอคอน สตีล โปรดัคท์ | B53: Delivered | C53: Private | D53: High | E53: Chair | F53: Taiyo | G53: Client to resell | H53: Government | I53: 799984 | J53: 1 | K53: =IF(I53="",0,I53*J53) -> 799984 | M53: 46052 | N53: 46053 | Q53: PJ-2608-00034
... A78: วัดพระธรรมกาย | B78: Delivered | C78: Private | D78: Low | E78: Chair | F78: Taiyo | G78: No fee | H78: Office | I78: 4300 | J78: 1 | K78: =IF(I78="",0,I78*J78) -> 4300 | M78: 46085 | N78: 46085 | Q78: PJ-2608-00059
A79: บ.โคคูโย อินเตอร์เนชั่นแนล | B79: Delivered | C79: Private | D79: Low | F79: Taiyo | G79: No fee | H79: Office | I79: 9486 | J79: 1 | K79: =IF(I79="",0,I79*J79) -> 9486 | M79: 46086 | N79: 46086 | Q79: PJ-2608-00060
A80: บ.เอพีพี ดีเวลลอปเม้น | B80: Delivered | C80: Private | D80: High | E80: Wooden | F80: Taiyo | G80: No fee | H80: Education | I80: 681907 | J80: 1 | K80: =IF(I80="",0,I80*J80) -> 681907 | M80: 46087 | N80: 46087 | Q80: PJ-2608-00061
A81: บ.ไมด้า พร็อพเพอร์ตี้ | B81: Delivered | C81: Private | D81: Low | E81: Chair | F81: Taiyo | G81: No fee | H81: Office | I81: 3645 | J81: 1 | K81: =IF(I81="",0,I81*J81) -> 3645 | M81: 46088 | N81: 46088 | Q81: PJ-2608-00062
A82: บ.บรรเจิด อินฟินิท จำกัด | B82: Delivered | C82: Private | D82: Low | E82: Chair | F82: Motech | G82: Client to resell | H82: Office | I82: 23034 | J82: 1 | K82: =IF(I82="",0,I82*J82) -> 23034 | M82: 46089 | N82: 46089 | Q82: PJ-2608-00063
A83: บ.โมดูลาร์ จำกัด | B83: Delivered | C83: Private | D83: Low | E83: Steel | F83: Taiyo | G83: Client to resell | H83: Office | I83: 18995 | J83: 1 | K83: =IF(I83="",0,I83*J83) -> 18995 | M83: 46090 | N83: 46090 | Q83: PJ-2608-00064
A84: บ.ไฮบริด บิ้วท์ แอนด์ คอนสตรัคชั่น | B84: Delivered | C84: Private | D84: Low | E84: Chair | F84: Taiyo | G84: Client to resell | H84: Office | I84: 40033 | J84: 1 | K84: =IF(I84="",0,I84*J84) -> 40033 | M84: 46091 | N84: 46091 | Q84: PJ-2608-00065
A85: รร.กวดวิชาจิราธิวรรธน์ | B85: Delivered | C85: Private | D85: Low | E85: Steel | F85: Taiyo | G85: No fee | H85: Education | I85: 3500 | J85: 1 | K85: =IF(I85="",0,I85*J85) -> 3500 | M85: 46092 | N85: 46092 | Q85: PJ-2608-00066
A86: บ.โปรเน็ตเวิร์ค ซิสเต็มส์ | B86: Delivered | C86: Private | D86: Medium | E86: Wooden | F86: Taiyo | G86: Client to resell | H86: Education | I86: 10002 | J86: 1 | K86: =IF(I86="",0,I86*J86) -> 10002 | M86: 46093 | N86: 46093 | Q86: PJ-2608-00067
A87: บ.ทรานส์เพอร์เทชั่น | B87: Delivered | C87: Private | D87: Medium | E87: Wooden | F87: Taiyo | G87: Client to resell | H87: Education | I87: 540086 | J87: 1 | K87: =IF(I87="",0,I87*J87) -> 540086 | M87: 46094 | N87: 46094 | Q87: PJ-2608-00068
A88: บ.ไอคอน สตีล โปรดัคท์ | B88: Delivered | C88: Private | D88: High | E88: Chair | F88: Taiyo | G88: Client to resell | H88: Government | I88: 820800 | J88: 1 | K88: =IF(I88="",0,I88*J88) -> 820800 | M88: 46095 | N88: 46095 | Q88: PJ-2608-00069
A89: บ.บ๊อกบราวน์ จำกัด | B89: Delivered | C89: Private | D89: Medium | E89: Wooden | F89: Taiyo | G89: Client to resell | H89: Education | I89: 141400 | J89: 1 | K89: =IF(I89="",0,I89*J89) -> 141400 | M89: 46096 | N89: 46096 | Q89: PJ-2608-00070
A90: บ.ดูโฮม จำกัด (มหาชน) | B90: Delivered | C90: Private | D90: Low | E90: Chair | F90: Taiyo | G90: Client to resell | H90: Office | I90: 7800 | J90: 1 | K90: =IF(I90="",0,I90*J90) -> 7800 | M90: 46097 | N90: 46097 | Q90: PJ-2608-00071
A91: บ.ลัคกี้มิวสิค จำกัด(มหาชน) | B91: Delivered | C91: Private | D91: Low | E91: Chair | F91: Taiyo | G91: No fee | H91: Office | I91: 47606 | J91: 1 | K91: =IF(I91="",0,I91*J91) -> 47606 | M91: 46098 | N91: 46098 | Q91: PJ-2608-00072
... A111: บ.โมเดิร์นฟอร์ม กรุ๊ป | B111: Delivered | C111: Private | D111: Low | E111: Chair | F111: Taiyo | G111: Client to resell | H111: Government | I111: 3555 | J111: 1 | K111: =IF(I111="",0,I111*J111) -> 3555 | M111: 46146 | N111: 46146 | Q111: PJ-2608-00092
A112: บ.โคคูโย อินเตอร์เนชั่นแนล | B112: Delivered | C112: Private | D112: Low | F112: Taiyo | G112: Client to resell | H112: Office | I112: 10995 | J112: 1 | K112: =IF(I112="",0,I112*J112) -> 10995 | M112: 46147 | N112: 46147 | Q112: PJ-2608-00093
A113: บ.เอพีพี ดีเวลลอปเม้น | B113: Delivered | C113: Private | D113: Low | E113: Wooden | F113: Taiyo | G113: Client to resell | H113: Education | I113: 95548 | J113: 1 | K113: =IF(I113="",0,I113*J113) -> 95548 | M113: 46148 | N113: 46148 | Q113: PJ-2608-00094
A114: บ.ฝาจีบ จำกัด (มหาชน) | B114: Delivered | C114: Private | D114: Low | E114: Chair | F114: Taiyo | G114: No fee | H114: Office | I114: 2955 | J114: 1 | K114: =IF(I114="",0,I114*J114) -> 2955 | M114: 46149 | N114: 46149 | Q114: PJ-2608-00095
A115: บ.โมดูลาร์ จำกัด | B115: Delivered | C115: Private | D115: Low | E115: Chair | F115: Taiyo | G115: No fee | H115: Office | I115: 19650 | J115: 1 | K115: =IF(I115="",0,I115*J115) -> 19650 | M115: 46150 | N115: 46150 | Q115: PJ-2608-00096
A116: บ.โกลบอล-ไทซอน | B116: Delivered | C116: Private | D116: Low | E116: Wooden | F116: Taiyo | G116: No fee | H116: Office | I116: 26320 | J116: 1 | K116: =IF(I116="",0,I116*J116) -> 26320 | M116: 46151 | N116: 46151 | Q116: PJ-2608-00097
A117: บ.ซิเลสติกา (ประเทศไทย) จำกัด | B117: Delivered | C117: Private | D117: Medium | E117: Steel | F117: Taiyo | G117: No fee | H117: Office | I117: 233263 | J117: 1 | K117: =IF(I117="",0,I117*J117) -> 233263 | M117: 46152 | N117: 46152 | Q117: PJ-2608-00098
A118: รร.กวดวิชาจิราธิวรรธน์ | B118: Delivered | C118: Private | D118: Low | E118: Steel | F118: Taiyo | G118: No fee | H118: Education | I118: 81480 | J118: 1 | K118: =IF(I118="",0,I118*J118) -> 81480 | M118: 46153 | N118: 46153 | Q118: PJ-2608-00099
A119: บ.โปรเน็ตเวิร์ค ซิสเต็มส์ | B119: Delivered | C119: Private | D119: Medium | E119: Wooden | F119: Taiyo | G119: Client to resell | H119: Education | I119: 179510 | J119: 1 | K119: =IF(I119="",0,I119*J119) -> 179510 | M119: 46154 | N119: 46154 | Q119: PJ-2608-00100
A120: บ.ทรานส์เพอร์เทชั่น | B120: Delivered | C120: Private | D120: High | E120: Wooden | F120: Taiyo | G120: Client to resell | H120: Education | I120: 407500 | J120: 1 | K120: =IF(I120="",0,I120*J120) -> 407500 | M120: 46155 | N120: 46155 | Q120: PJ-2608-00101
A121: บ.ไอคอน สตีล โปรดัคท์ | B121: Delivered | C121: Private | D121: High | E121: Steel | F121: Taiyo | G121: No fee | H121: Government | I121: 693165 | J121: 1 | K121: =IF(I121="",0,I121*J121) -> 693165 | M121: 46156 | N121: 46156 | Q121: PJ-2608-00102
A122: บ.ทริปเปิล ทรี กรุ๊ป จำกัด | B122: Delivered | C122: Private | D122: High | E122: Wooden | F122: Taiyo | G122: Client to resell | H122: Government | I122: 1177715 | J122: 1 | K122: =IF(I122="",0,I122*J122) -> 1177715 | M122: 46157 | N122: 46157 | Q122: PJ-2608-00103
A123: คุณมิ่งขวัญ อัศวรุ่งเรือง | B123: Delivered | C123: Private | D123: Low | F123: Taiyo | G123: No fee | H123: Office | I123: 7823 | J123: 1 | K123: =IF(I123="",0,I123*J123) -> 7823 | M123: 46158 | N123: 46158 | Q123: PJ-2608-00104
A124: บ.เอพีพี ดีเวลลอปเม้น | B124: Delivered | C124: Private | D124: Low | E124: Wooden | F124: Taiyo | G124: Client to resell | H124: Education | I124: 36400 | J124: 1 | K124: =IF(I124="",0,I124*J124) -> 36400 | M124: 46174 | N124: 46174 | Q124: PJ-2608-00105
A125: บ.ซิเลสติกา (ประเทศไทย) จำกัด | B125: Delivered | C125: Private | D125: Low | E125: Steel | F125: Taiyo | G125: No fee | H125: Office | I125: 14980 | J125: 1 | K125: =IF(I125="",0,I125*J125) -> 14980 | M125: 46175 | N125: 46175 | Q125: PJ-2608-00106
A126: บ.โปรเน็ตเวิร์ค ซิสเต็มส์ | B126: Delivered | C126: Private | D126: Low | E126: Chair | F126: Motech | G126: Client to resell | H126: Education | I126: 11795 | J126: 1 | K126: =IF(I126="",0,I126*J126) -> 11795 | M126: 46176 | N126: 46176 | Q126: PJ-2608-00107
A127: บ.ทรานส์เพอร์เทชั่น | B127: Delivered | C127: Private | D127: Low | E127: Chair | F127: Motech | G127: Client to resell | H127: Education | I127: 12050 | J127: 1 | K127: =IF(I127="",0,I127*J127) -> 12050 | M127: 46177 | N127: 46177 | Q127: PJ-2608-00108
A128: บ.ไอคอน สตีล โปรดัคท์ | B128: Delivered | C128: Private | D128: Medium | E128: Steel | F128: Taiyo | G128: No fee | H128: Government | I128: 166753 | J128: 1 | K128: =IF(I128="",0,I128*J128) -> 166753 | M128: 46178 | N128: 46178 | Q128: PJ-2608-00109
A129: หจก.ทู ยู ทีม | B129: Delivered | C129: Private | D129: Low | E129: Wooden | F129: Motech | G129: Client to resell | H129: Office | I129: 20689 | J129: 1 | K129: =IF(I129="",0,I129*J129) -> 20689 | M129: 46179 | N129: 46179 | Q129: PJ-2608-00110
A130: บ.ธำรงค์วิทย์ จำกัด | B130: Delivered | C130: Private | D130: Low | E130: Chair | F130: Motech | G130: Client to resell | H130: Education | I130: 69670 | J130: 1 | K130: =IF(I130="",0,I130*J130) -> 69670 | M130: 46180 | N130: 46180 | Q130: PJ-2608-00111
A131: บ.ทรานส์เพอร์เทชั่น | B131: Delivered | C131: Private | D131: Medium | E131: Wooden | F131: Taiyo | G131: Client to resell | H131: Education | I131: 78200 | J131: 1 | K131: =IF(I131="",0,I131*J131) -> 78200 | L131: 46161 | M131: 46192 | N131: 46192 | Q131: PJ-2608-00112
A132: บ. บรรเจิด อินฟินิท จำกัด | B132: Delivered | C132: Private | D132: Low | E132: Wooden | F132: Motech | G132: Client to resell | H132: Office | I132: 51532 | J132: 1 | K132: =IF(I132="",0,I132*J132) -> 51532 | L132: 46174 | M132: 46199 | N132: 46199 | Q132: PJ-2608-00113
A133: บ.แซม พรีซิชั่น (ประเทศไทย) จำกัด | B133: Delivered | C133: Private | D133: Medium | E133: Wooden | F133: Motech | G133: No fee | H133: Office | I133: 129000 | J133: 1 | K133: =IF(I133="",0,I133*J133) -> 129000 | L133: 46181 | M133: 46198 | N133: 46198 | Q133: PJ-2608-00114
A134: บ.ซิเลสติกา (ประเทศไทย) จำกัด | B134: Deal Signed | C134: Private | D134: Low | E134: Steel | F134: Taiyo | G134: No fee | H134: Office | I134: 34515 | J134: 1 | K134: =IF(I134="",0,I134*J134) -> 34515 | L134: 46189 | M134: 46220 | N134: 46220 | Q134: PJ-2608-00115
A135: บ.เงินขุมทอง จำกัด | B135: Deal Signed | C135: Private | D135: Medium | E135: Wooden | F135: Taiyo | G135: Client to resell | H135: Government | I135: 212854 | J135: 1 | K135: =IF(I135="",0,I135*J135) -> 212854 | L135: 46171 | M135: 46198 | N135: 46198 | Q135: PJ-2608-00116
A136: บ.ทรานส์์เพอร์เทชั่น จำกัด | B136: Delivered | C136: Private | D136: Medium | E136: Wooden | F136: Taiyo | G136: Client to resell | H136: Education | I136: 104550 | J136: 1 | K136: =IF(I136="",0,I136*J136) -> 104550 | L136: 46157 | M136: 46204 | N136: 46204 | Q136: PJ-2608-00117
A137: บ.ทรานส์์เพอร์เทชั่น จำกัด | B137: Delivered | C137: Private | D137: Medium | E137: Chair | F137: Taiyo | G137: Client to resell | H137: Education | I137: 105625 | J137: 1 | K137: =IF(I137="",0,I137*J137) -> 105625 | L137: 46175 | M137: 46204 | N137: 46204 | Q137: PJ-2608-00118
A138: บ.ไอคอน สตีล โปรดัคท์ | B138: Delivered | C138: Gov | D138: Medium | E138: Chair | F138: Taiyo | G138: No fee | H138: Government | I138: 430509 | J138: 1 | K138: =IF(I138="",0,I138*J138) -> 430509 | L138: 46151 | M138: 46203 | N138: 46212 | Q138: PJ-2608-00119
A139: หจก.ยะลาอาค-คอนส์ | B139: Deal Signed | C139: Private | D139: Medium | E139: Steel | F139: Taiyo | G139: Client to resell | H139: Government | I139: 330728 | J139: 1 | K139: =IF(I139="",0,I139*J139) -> 330728 | L139: 46179 | M139: 46221 | N139: 46221 | Q139: PJ-2608-00120
A140: บ.มินิมั่ม จำกัด | B140: Delivered | C140: Private | D140: Medium | E140: Wooden | F140: Taiyo | G140: Client to resell | H140: Government | I140: 69252 | J140: 1 | K140: =IF(I140="",0,I140*J140) -> 69252 | L140: 46168 | M140: 46198 | N140: 46198 | Q140: PJ-2608-00121
A141: คุณพรผกา แก้วพิภพ | B141: Deal Signed | C141: Private | D141: Medium | E141: Steel | F141: Taiyo | G141: No fee | I141: 163302 | J141: 1 | K141: =IF(I141="",0,I141*J141) -> 163302 | L141: 46185 | M141: 46234 | N141: 46234 | Q141: PJ-2608-00122
A142: วัดพระธรรมกาย | B142: Delivered | C142: Private | D142: Low | E142: Wooden | F142: Taiyo | G142: No fee | H142: Office | I142: 86600 | J142: 1 | K142: =IF(I142="",0,I142*J142) -> 86600 | L142: 46182 | M142: 46206 | N142: 46206 | Q142: PJ-2608-00123
A143: บ.ทรานส์เพอร์์เทชั่น จำกัด | B143: Deal Signed | C143: Private | D143: Low | E143: Wooden | F143: Taiyo | G143: Client to resell | H143: Education | I143: 87480 | J143: 1 | K143: =IF(I143="",0,I143*J143) -> 87480 | L143: 46189 | M143: 46230 | N143: 46230 | Q143: PJ-2608-00124
A144: บ.โกลบอลเทคโนโลยี | B144: Deal Signed | C144: Private | D144: High | E144: Wooden | F144: Taiyo | G144: Client to resell | H144: Government | I144: 719500 | J144: 1 | K144: =IF(I144="",0,I144*J144) -> 719500 | L144: 46203 | M144: 46233 | N144: 46233 | Q144: PJ-2608-00125
A145: หจก.ลำพูนกนิษฐ์กุล | B145: Delivered | C145: Private | D145: High | E145: Wooden | F145: Taiyo | G145: No fee | I145: 678610 | J145: 1 | K145: =IF(I145="",0,I145*J145) -> 678610 | L145: 46111 | M145: 46188 | N145: 46188 | Q145: PJ-2608-00126
A146: บ.โมเดิร์นฟอร์ม | B146: Interest | C146: Private | D146: Medium | E146: Steel | F146: Taiyo | G146: Client to resell | H146: Government | I146: 270000 | J146: 0.5 | K146: =IF(I146="",0,I146*J146) -> 135000 | L146: 46266 | Q146: PJ-2608-00127
A147: บ.เอ พี พี อิเลคทริค | B147: Interest | C147: Private | D147: High | E147: Wooden | F147: Taiyo | G147: Client to resell | H147: Government | I147: 872745 | J147: 0.8 | K147: =IF(I147="",0,I147*J147) -> 698196 | L147: 46213 | M147: 46249 | N147: 46249 | Q147: PJ-2608-00128
A148: บ.ส.สุพาณิชย์ | B148: Interest | C148: Private | D148: High | E148: Wooden | F148: Taiyo | G148: Client to resell | H148: Government | I148: 2800000 | J148: 0.8 | K148: =IF(I148="",0,I148*J148) -> 2240000 | L148: 46235 | Q148: PJ-2608-00129
A149: บ.เอพีพี ดีเวลลอปเม้นท์ | B149: Deal Signed | C149: Private | D149: Medium | E149: Wooden | F149: Taiyo | G149: Client to resell | H149: Education | I149: 119840 | J149: 1 | K149: =IF(I149="",0,I149*J149) -> 119840 | L149: 46189 | M149: 46216 | N149: 46216 | Q149: PJ-2608-00130
A150: บ.ธำรงวิทย์ อินเตอร์ เทรดดิ้ง จำกัด | B150: Deal Signed | C150: Private | D150: Low | E150: Wooden | F150: Taiyo | G150: Client to resell | H150: Education | I150: 85295 | J150: 1 | K150: =IF(I150="",0,I150*J150) -> 85295 | L150: 46189 | M150: 46211 | N150: 46211 | Q150: PJ-2608-00131
A151: บ.ทรานส์เพอร์เทชั่น จำัก | B151: Deal Signed | C151: Private | D151: Medium | E151: Wooden | F151: Taiyo | G151: Client to resell | H151: Education | I151: 263705 | J151: 1 | K151: =IF(I151="",0,I151*J151) -> 263705 | L151: 46192 | M151: 46213 | N151: 46213 | Q151: PJ-2608-00132
A152: สำนักงานธนารักษ์พิ้นที่ศรีสะเกษ | B152: Deal Signed | C152: Gov | D152: Low | E152: Chair | F152: Taiyo | G152: No fee | H152: Government | I152: 38000 | J152: 1 | K152: =IF(I152="",0,I152*J152) -> 38000 | L152: 46192 | M152: 46222 | N152: 46222 | Q152: PJ-2608-00133
A153: บ.แซม พรีซิชั่น (ประเทศไทย) จำกัด | B153: Deal Signed | C153: Private | D153: Low | E153: Wooden | F153: Taiyo | G153: No fee | H153: Office | I153: 24156 | J153: 1 | K153: =IF(I153="",0,I153*J153) -> 24156 | L153: 46192 | M153: 46222 | N153: 46222 | Q153: PJ-2608-00134
A154: บ.ไอคอน สตีล โปรดัคท์ | B154: Deal Signed | C154: Private | D154: High | E154: Steel | F154: Taiyo | G154: Client to resell | H154: Government | I154: 710280 | J154: 1 | K154: =IF(I154="",0,I154*J154) -> 710280 | L154: 46190 | M154: 46248 | N154: 46248 | Q154: PJ-2608-00135
A155: บ.เอพีพี ดีเวลลอปเม้นท์ | B155: Delivered | C155: Private | D155: High | E155: Wooden | F155: Taiyo | G155: Client to resell | H155: Education | I155: 1164534 | J155: 1 | K155: =IF(I155="",0,I155*J155) -> 1164534 | L155: 46153 | M155: 46196 | N155: 46196 | Q155: PJ-2608-00136
A156: บ.เอพีพี ดีเวลลอปเม้นท์์ | B156: Deal Signed | C156: Private | D156: Low | E156: Wooden | F156: Taiyo | G156: Client to resell | H156: Education | I156: 66305 | J156: 1 | K156: =IF(I156="",0,I156*J156) -> 66305 | L156: 46198 | M156: 46220 | N156: 46220 | Q156: PJ-2608-00137
A157: บ.ซี ดับบลิว เอ็น ดีเวลลอปเม้นท์ | B157: Interest | C157: Gov | D157: High | E157: Steel | F157: Taiyo | G157: Client to resell | H157: Government | I157: 1197480 | J157: 0.8 | K157: =IF(I157="",0,I157*J157) -> 957984 | L157: 46213 | M157: 46249 | N157: 46249 | Q157: PJ-2608-00138
A158: บ.เอพีพี ดีเวลล็อปเม้นท์ | B158: Interest | C158: Private | D158: Medium | E158: Wooden | F158: Taiyo | G158: Client to resell | H158: Education | I158: 275330 | J158: 1 | K158: =IF(I158="",0,I158*J158) -> 275330 | L158: 46223 | Q158: PJ-2608-00139
A159: บ.โปรเน็ตเวิร์ค ซิสเต็มส์ | B159: Deal Signed | C159: Private | D159: Low | E159: Wooden | F159: Taiyo | G159: Client to resell | H159: Education | I159: 97855 | J159: 1 | K159: =IF(I159="",0,I159*J159) -> 97855 | L159: 46212 | M159: 46244 | N159: 46244 | Q159: PJ-2608-00140
A160: บ.ชินวัฒนา อินโนเวชั่น | B160: Deal Signed | C160: Private | D160: Low | E160: Wooden | F160: Taiyo | G160: Client to resell | H160: Education | I160: 60715 | J160: 1 | K160: =IF(I160="",0,I160*J160) -> 60715 | L160: 46212 | M160: 46244 | N160: 46244 | Q160: PJ-2608-00141
A161: บ.เอพีพี ดีเวลล็อปเม้นท์ | B161: Deal Signed | C161: Private | D161: Medium | E161: Wooden | F161: Taiyo | G161: Client to resell | H161: Education | I161: 295405 | J161: 1 | K161: =IF(I161="",0,I161*J161) -> 295405 | L161: 46212 | M161: 46229 | N161: 46229 | Q161: PJ-2608-00142
K162: =IF(I162="",0,I162*J162) -> 0
K163: =IF(I163="",0,I163*J163) -> 0
K164: =IF(I164="",0,I164*J164) -> 0
K165: =IF(I165="",0,I165*J165) -> 0
K166: =IF(I166="",0,I166*J166) -> 0
K167: =IF(I167="",0,I167*J167) -> 0
K168: =IF(I168="",0,I168*J168) -> 0
...

Sheet 👤 Napat
A1: 👤 NAPAT — Sales Pipeline & Performance
S3: Month | T3: Target | U3: Taken Orders (Deal Signed) | V3: Delivered Orders
A4: 📊 KPI DASHBOARD | S4: Jan | T4: 1500000 | U4: =SUMPRODUCT(IFERROR((MONTH(L42:L144)=1)*(YEAR(L42:L144)=2026),0)*I42:I144) -> 0 | V4: =SUMPRODUCT(IFERROR((MONTH(M42:M144)=1)*(YEAR(M42:M144)=2026),0)*I42:I144) -> 0
A5: Total Pipeline (THB) | E5: Weighted Pipeline (THB) | I5: Signed This Month (THB) | M5: Annual Target (THB) | S5: Feb | T5: 2000000 | U5: =SUMPRODUCT(IFERROR((MONTH(L42:L144)=2)*(YEAR(L42:L144)=2026),0)*I42:I144) -> 0 | V5: =SUMPRODUCT(IFERROR((MONTH(M42:M144)=2)*(YEAR(M42:M144)=2026),0)*I42:I144) -> 0
A6: =SUMIF(B42:B144,"<>Delivered",I42:I144) -> 15480135 | E6: =SUM(K42:K144) -> 11678202 | I6: =SUMPRODUCT((B42:B144="Deal Signed")*IFERROR((MONTH(L42:L144)=MONTH(TODAY()))*(YEAR(L42:L144)=YEAR(TODAY())),0)*I42:I144)+SUMPRODUCT((B42:B144="Delivered")*IFERROR((MONTH(L42:L144)=MONTH(TODAY()))*(YEAR(L42:L144)=YEAR(TODAY())),0)*I42:I144) -> 0 | M6: =SUM(T4:T15) -> 36000000 | S6: Mar | T6: 4000000 | U6: =SUMPRODUCT(IFERROR((MONTH(L42:L144)=3)*(YEAR(L42:L144)=2026),0)*I42:I144) -> 0 | V6: =SUMPRODUCT(IFERROR((MONTH(M42:M144)=3)*(YEAR(M42:M144)=2026),0)*I42:I144) -> 0
S7: Apr | T7: 4000000 | U7: =SUMPRODUCT(IFERROR((MONTH(L42:L144)=4)*(YEAR(L42:L144)=2026),0)*I42:I144) -> 0 | V7: =SUMPRODUCT(IFERROR((MONTH(M42:M144)=4)*(YEAR(M42:M144)=2026),0)*I42:I144) -> 0
S8: May | T8: 3000000 | U8: =SUMPRODUCT(IFERROR((MONTH(L42:L144)=5)*(YEAR(L42:L144)=2026),0)*I42:I144) -> 0 | V8: =SUMPRODUCT(IFERROR((MONTH(M42:M144)=5)*(YEAR(M42:M144)=2026),0)*I42:I144) -> 0
A9: 📋 PIPELINE BREAKDOWN | S9: Jun | T9: 3500000 | U9: =SUMPRODUCT(IFERROR((MONTH(L42:L144)=6)*(YEAR(L42:L144)=2026),0)*I42:I144) -> 0 | V9: =SUMPRODUCT(IFERROR((MONTH(M42:M144)=6)*(YEAR(M42:M144)=2026),0)*I42:I144) -> 0
A10: Stage | B10: # Deals | C10: Value (THB) | D10: % of Pipeline | F10: Priority | G10: # Deals | H10: Value (THB) | I10: % of Pipeline | S10: Jul | T10: 3000000 | U10: =SUMPRODUCT(IFERROR((MONTH(L42:L144)=7)*(YEAR(L42:L144)=2026),0)*I42:I144) -> 0 | V10: =SUMPRODUCT(IFERROR((MONTH(M42:M144)=7)*(YEAR(M42:M144)=2026),0)*I42:I144) -> 0
A11: Interest | B11: =COUNTIF(B42:B144,"Interest") -> 2 | C11: =SUMIF(B42:B144,"Interest",I42:I144) -> 15453958 | D11: =IFERROR(SUMIF(B42:B144,"Interest",I42:I144)/SUM(I42:I144),0) -> 0.9457419 | F11: High | G11: =COUNTIF(D42:D144,"High") -> 9 | H11: =SUMIF(D42:D144,"High",I42:I144) -> 16314389 | I11: =IFERROR(SUMIF(D42:D144,"High",I42:I144)/SUM(I42:I144),0) -> 0.99839804 | S11: Aug | T11: 3000000 | U11: =SUMPRODUCT(IFERROR((MONTH(L42:L144)=8)*(YEAR(L42:L144)=2026),0)*I42:I144) -> 0 | V11: =SUMPRODUCT(IFERROR((MONTH(M42:M144)=8)*(YEAR(M42:M144)=2026),0)*I42:I144) -> 0
A12: Send PI | B12: =COUNTIF(B42:B144,"Send PI") -> 0 | C12: =SUMIF(B42:B144,"Send PI",I42:I144) -> 0 | D12: =IFERROR(SUMIF(B42:B144,"Send PI",I42:I144)/SUM(I42:I144),0) -> 0 | F12: Medium | G12: =COUNTIF(D42:D144,"Medium") -> 0 | H12: =SUMIF(D42:D144,"Medium",I42:I144) -> 0 | I12: =IFERROR(SUMIF(D42:D144,"Medium",I42:I144)/SUM(I42:I144),0) -> 0 | S12: Sep | T12: 3000000 | U12: =SUMPRODUCT(IFERROR((MONTH(L42:L144)=9)*(YEAR(L42:L144)=2026),0)*I42:I144) -> 0 | V12: =SUMPRODUCT(IFERROR((MONTH(M42:M144)=9)*(YEAR(M42:M144)=2026),0)*I42:I144) -> 0
A13: Negotiating | B13: =COUNTIF(B42:B144,"Negotiating") -> 0 | C13: =SUMIF(B42:B144,"Negotiating",I42:I144) -> 0 | D13: =IFERROR(SUMIF(B42:B144,"Negotiating",I42:I144)/SUM(I42:I144),0) -> 0 | F13: Low | G13: =COUNTIF(D42:D144,"Low") -> 1 | H13: =SUMIF(D42:D144,"Low",I42:I144) -> 26177 | I13: =IFERROR(SUMIF(D42:D144,"Low",I42:I144)/SUM(I42:I144),0) -> 0.0016019641 | S13: Oct | T13: 3000000 | U13: =SUMPRODUCT(IFERROR((MONTH(L42:L144)=10)*(YEAR(L42:L144)=2026),0)*I42:I144) -> 0 | V13: =SUMPRODUCT(IFERROR((MONTH(M42:M144)=10)*(YEAR(M42:M144)=2026),0)*I42:I144) -> 0
A14: Deal Signed | B14: =COUNTIF(B42:B144,"Deal Signed") -> 0 | C14: =SUMIF(B42:B144,"Deal Signed",I42:I144) -> 0 | D14: =IFERROR(SUMIF(B42:B144,"Deal Signed",I42:I144)/SUM(I42:I144),0) -> 0 | F14: 🎯 Monthly Progress vs Target | S14: Nov | T14: 3000000 | U14: =SUMPRODUCT(IFERROR((MONTH(L42:L144)=11)*(YEAR(L42:L144)=2026),0)*I42:I144) -> 0 | V14: =SUMPRODUCT(IFERROR((MONTH(M42:M144)=11)*(YEAR(M42:M144)=2026),0)*I42:I144) -> 0
A15: Delivered | B15: =COUNTIF(B42:B144,"Delivered") -> 7 | C15: =SUMIF(B42:B144,"Delivered",I42:I144) -> 860431 | D15: =IFERROR(SUMIF(B42:B144,"Delivered",I42:I144)/SUM(I42:I144),0) -> 0.052656132 | F15: ="Signed this month: "&TEXT(SUMPRODUCT((B42:B144="Deal Signed")*IFERROR((MONTH(L42:L144)=MONTH(TODAY()))*(YEAR(L42:L144)=YEAR(TODAY())),0)*I42:I144)+SUMPRODUCT((B42:B144="Delivered")*IFERROR((MONTH(L42:L144)=MONTH(TODAY()))*(YEAR(L42:L144)=YEAR(TODAY())),0)*I42:I144),"#,##0")&" THB | Target: "&TEXT('⚙ Control Panel'!$A$23,"#,##0")&" THB" -> Signed this month: 0 THB | Target: 3,000,000 THB | S15: Dec | T15: 3000000 | U15: =SUMPRODUCT(IFERROR((MONTH(L42:L144)=12)*(YEAR(L42:L144)=2026),0)*I42:I144) -> 0 | V15: =SUMPRODUCT(IFERROR((MONTH(M42:M144)=12)*(YEAR(M42:M144)=2026),0)*I42:I144) -> 0
A17: 📈 MONTHLY SALES TREND — 2026 (Target vs Taken vs Delivered)
A41: Project / Client | B41: Stage | C41: Segment | D41: Priority | E41: Product Category | F41: Brand | G41: Fee Structure | H41: Specialization | I41: Deal Value (THB) | J41: Win Prob (%) | K41: Weighted Value (THB) | L41: Order Taken Date | M41: Delivered Date | N41: Est. Close Date | O41: Next Action | P41: Notes | Q41: Project Code
A42: กรมพลาธิการทหารอากาศ | B42: Delivered | C42: Gov | D42: High | E42: Steel | F42: Taiyo | G42: No fee | H42: Government | I42: 290000 | J42: 1 | K42: =I42*J42 -> 290000 | L42: 20/02/2026 | M42: 46113 | Q42: PJ-2608-00143
A43: บจก. อาร์ เอ็ม ที อะไหล่ (สำนักงานใหญ่) | B43: Delivered | C43: Private | D43: High | E43: Chair | F43: Sunon | G43: No fee | H43: Office | I43: 7137 | J43: 1 | K43: =IF(I43="",0,I43*J43) -> 7137 | L43: 46032 | M43: 46146 | Q43: PJ-2608-00144
A44: บจก. อาร์ เอ็ม ที อะไหล่ (สำนักงานใหญ่) | B44: Delivered | C44: Private | D44: High | E44: Wooden | F44: Sunon | G44: No fee | H44: Office | I44: 305576 | J44: 1 | K44: =IF(I44="",0,I44*J44) -> 305576 | L44: 46143 | M44: 46299 | Q44: PJ-2608-00145
A45: บริษัท จิกลิโอ จำกัด | B45: Delivered | C45: Private | D45: High | E45: Chair | F45: Sunon | G45: No fee | H45: Office | I45: 10093 | J45: 1 | K45: =IF(I45="",0,I45*J45) -> 10093 | L45: 46038 | M45: 46146 | Q45: PJ-2608-00146
A46: แม่คะนิ้ง ครีเอทีพ จำกัด | B46: Delivered | C46: Gov | D46: High | E46: Steel | F46: Sunon | G46: No fee | H46: Hospital & Wellness | I46: 40092 | J46: 1 | K46: =IF(I46="",0,I46*J46) -> 40092 | L46: 46069 | M46: 18/04/2026 | Q46: PJ-2608-00147
A47: บริษัท สตาร์ร์ค แมนูแฟคเซอร์ริ่ง จากัด | B47: Delivered | C47: Private | D47: High | E47: Wooden | F47: Motech | G47: Client to resell | H47: Office | I47: 121000 | J47: 1 | K47: =IF(I47="",0,I47*J47) -> 121000 | L47: 46055 | M47: 21/02/2026 | Q47: PJ-2608-00148
A48: บริษัท สตาร์ร์ค แมนูแฟคเซอร์ริ่ง จากัด | B48: Delivered | C48: Private | D48: High | E48: Wooden | F48: Motech | G48: Client to resell | H48: Office | I48: 86533 | J48: 1 | K48: =IF(I48="",0,I48*J48) -> 86533 | L48: 46056 | M48: 26/02/2026 | P48: ลูกค้าไม่มีfeedback ทำเสนอราคาทั้งหมด 3 ครั้ง | Q48: PJ-2608-00149
A49: บริษัท แอโรกรีต (ประเทศไทย) จำกัด | B49: Lost | C49: Private | D49: Low | E49: Chair | F49: Sunon | G49: No fee | H49: Office | I49: 26177 | J49: 0 | K49: =IF(I49="",0,I49*J49) -> 0 | P49: ลููกค้าไม่มีงบประมาณชะลอการซื้อ | Q49: PJ-2608-00150
A50: กฟภ เขต 2 จ.อุบลราชธานี | B50: Interest | C50: Gov | D50: High | E50: Wooden | F50: Sunon | G50: Referral % | H50: Government | I50: 10656762 | J50: 0.7 | K50: =IF(I50="",0,I50*J50) -> 7459733.4 | N50: 46382 | O50: ติดตามเรื่องกำหนดงานประมูล | Q50: PJ-2608-00151
A51: สถาบันบัณฑิตพัฒนศิลป์ (วังหน้า) | B51: Interest | C51: Gov | D51: High | E51: Chair | F51: Sunon | G51: Referral % | H51: Office | I51: 4797196 | J51: 0.7 | K51: =IF(I51="",0,I51*J51) -> 3358037.2 | N51: 46321 | O51: ติดตามเดือน พค26 | P51: คาดว่างานจะปิดภายในปี26 | Q51: PJ-2608-00152
K52: =IF(I52="",0,I52*J52) -> 0
K53: =IF(I53="",0,I53*J53) -> 0
K54: =IF(I54="",0,I54*J54) -> 0
K55: =IF(I55="",0,I55*J55) -> 0
K56: =IF(I56="",0,I56*J56) -> 0
K57: =IF(I57="",0,I57*J57) -> 0
K58: =IF(I58="",0,I58*J58) -> 0
K59: =IF(I59="",0,I59*J59) -> 0
K60: =IF(I60="",0,I60*J60) -> 0
K61: =IF(I61="",0,I61*J61) -> 0
K62: =IF(I62="",0,I62*J62) -> 0
K63: =IF(I63="",0,I63*J63) -> 0
... K144: =IF(I144="",0,I144*J144) -> 0

Sheet 👤 Tan
A1: 👤 TAN — Sales Pipeline & Performance
S3: Month | T3: Target | U3: Taken Orders (Deal Signed) | V3: Delivered Orders
A4: 📊 KPI DASHBOARD | S4: Jan | T4: 1500000 | U4: =SUMPRODUCT(IFERROR((MONTH(L52:L151)=1)*(YEAR(L52:L151)=2026),0)*I52:I151) -> 0 | V4: =SUMPRODUCT(IFERROR((MONTH(M52:M151)=1)*(YEAR(M52:M151)=2026),0)*I52:I151) -> 0
A5: Total Pipeline (THB) | E5: Weighted Pipeline (THB) | I5: Signed This Month (THB) | M5: Annual Target (THB) | S5: Feb | T5: 2000000 | U5: =SUMPRODUCT(IFERROR((MONTH(L52:L151)=2)*(YEAR(L52:L151)=2026),0)*I52:I151) -> 0 | V5: =SUMPRODUCT(IFERROR((MONTH(M52:M151)=2)*(YEAR(M52:M151)=2026),0)*I52:I151) -> 0
A6: =SUMIF(B52:B151,"<>Delivered",I52:I151) -> 50605750 | E6: =SUM(K52:K151) -> 48716158 | I6: =SUMPRODUCT((B52:B151="Deal Signed")*IFERROR((MONTH(L52:L151)=MONTH(TODAY()))*(YEAR(L52:L151)=YEAR(TODAY())),0)*I52:I151)+SUMPRODUCT((B52:B151="Delivered")*IFERROR((MONTH(L52:L151)=MONTH(TODAY()))*(YEAR(L52:L151)=YEAR(TODAY())),0)*I52:I151) -> 0 | M6: =SUM(T4:T15) -> 36000000 | S6: Mar | T6: 4000000 | U6: =SUMPRODUCT(IFERROR((MONTH(L52:L151)=3)*(YEAR(L52:L151)=2026),0)*I52:I151) -> 0 | V6: =SUMPRODUCT(IFERROR((MONTH(M52:M151)=3)*(YEAR(M52:M151)=2026),0)*I52:I151) -> 0
S7: Apr | T7: 4000000 | U7: =SUMPRODUCT(IFERROR((MONTH(L52:L151)=4)*(YEAR(L52:L151)=2026),0)*I52:I151) -> 0 | V7: =SUMPRODUCT(IFERROR((MONTH(M52:M151)=4)*(YEAR(M52:M151)=2026),0)*I52:I151) -> 0
S8: May | T8: 3000000 | U8: =SUMPRODUCT(IFERROR((MONTH(L52:L151)=5)*(YEAR(L52:L151)=2026),0)*I52:I151) -> 0 | V8: =SUMPRODUCT(IFERROR((MONTH(M52:M151)=5)*(YEAR(M52:M151)=2026),0)*I52:I151) -> 0
A9: 📋 PIPELINE BREAKDOWN | S9: Jun | T9: 3500000 | U9: =SUMPRODUCT(IFERROR((MONTH(L52:L151)=6)*(YEAR(L52:L151)=2026),0)*I52:I151) -> 0 | V9: =SUMPRODUCT(IFERROR((MONTH(M52:M151)=6)*(YEAR(M52:M151)=2026),0)*I52:I151) -> 0
A10: Stage | B10: # Deals | C10: Value (THB) | D10: % of Pipeline | F10: Priority | G10: # Deals | H10: Value (THB) | I10: % of Pipeline | S10: Jul | T10: 3000000 | U10: =SUMPRODUCT(IFERROR((MONTH(L52:L151)=7)*(YEAR(L52:L151)=2026),0)*I52:I151) -> 0 | V10: =SUMPRODUCT(IFERROR((MONTH(M52:M151)=7)*(YEAR(M52:M151)=2026),0)*I52:I151) -> 0
A11: Interest | B11: =COUNTIF(B52:B151,"Interest") -> 2 | C11: =SUMIF(B52:B151,"Interest",I52:I151) -> 4383424 | D11: =IFERROR(SUMIF(B52:B151,"Interest",I52:I151)/SUM(I52:I151),0) -> 0.08661909 | F11: High | G11: =COUNTIF(D52:D151,"High") -> 14 | H11: =SUMIF(D52:D151,"High",I52:I151) -> 48322326 | I11: =IFERROR(SUMIF(D52:D151,"High",I52:I151)/SUM(I52:I151),0) -> 0.95487817 | S11: Aug | T11: 3000000 | U11: =SUMPRODUCT(IFERROR((MONTH(L52:L151)=8)*(YEAR(L52:L151)=2026),0)*I52:I151) -> 0 | V11: =SUMPRODUCT(IFERROR((MONTH(M52:M151)=8)*(YEAR(M52:M151)=2026),0)*I52:I151) -> 0
A12: Send PI | B12: =COUNTIF(B52:B151,"Send PI") -> 3 | C12: =SUMIF(B52:B151,"Send PI",I52:I151) -> 2332018 | D12: =IFERROR(SUMIF(B52:B151,"Send PI",I52:I151)/SUM(I52:I151),0) -> 0.046082076 | F12: Medium | G12: =COUNTIF(D52:D151,"Medium") -> 1 | H12: =SUMIF(D52:D151,"Medium",I52:I151) -> 2283424 | I12: =IFERROR(SUMIF(D52:D151,"Medium",I52:I151)/SUM(I52:I151),0) -> 0.045121829 | S12: Sep | T12: 3000000 | U12: =SUMPRODUCT(IFERROR((MONTH(L52:L151)=9)*(YEAR(L52:L151)=2026),0)*I52:I151) -> 0 | V12: =SUMPRODUCT(IFERROR((MONTH(M52:M151)=9)*(YEAR(M52:M151)=2026),0)*I52:I151) -> 0
A13: Negotiating | B13: =COUNTIF(B52:B151,"Negotiating") -> 3 | C13: =SUMIF(B52:B151,"Negotiating",I52:I151) -> 3082224 | D13: =IFERROR(SUMIF(B52:B151,"Negotiating",I52:I151)/SUM(I52:I151),0) -> 0.060906597 | F13: Low | G13: =COUNTIF(D52:D151,"Low") -> 0 | H13: =SUMIF(D52:D151,"Low",I52:I151) -> 0 | I13: =IFERROR(SUMIF(D52:D151,"Low",I52:I151)/SUM(I52:I151),0) -> 0 | S13: Oct | T13: 3000000 | U13: =SUMPRODUCT(IFERROR((MONTH(L52:L151)=10)*(YEAR(L52:L151)=2026),0)*I52:I151) -> 0 | V13: =SUMPRODUCT(IFERROR((MONTH(M52:M151)=10)*(YEAR(M52:M151)=2026),0)*I52:I151) -> 0
A14: Deal Signed | B14: =COUNTIF(B52:B151,"Deal Signed") -> 7 | C14: =SUMIF(B52:B151,"Deal Signed",I52:I151) -> 40808084 | D14: =IFERROR(SUMIF(B52:B151,"Deal Signed",I52:I151)/SUM(I52:I151),0) -> 0.80639224 | F14: 🎯 Monthly Progress vs Target | S14: Nov | T14: 3000000 | U14: =SUMPRODUCT(IFERROR((MONTH(L52:L151)=11)*(YEAR(L52:L151)=2026),0)*I52:I151) -> 0 | V14: =SUMPRODUCT(IFERROR((MONTH(M52:M151)=11)*(YEAR(M52:M151)=2026),0)*I52:I151) -> 0
A15: Delivered | B15: =COUNTIF(B52:B151,"Delivered") -> 0 | C15: =SUMIF(B52:B151,"Delivered",I52:I151) -> 0 | D15: =IFERROR(SUMIF(B52:B151,"Delivered",I52:I151)/SUM(I52:I151),0) -> 0 | F15: ="Signed this month: "&TEXT(SUMPRODUCT((B52:B151="Deal Signed")*IFERROR((MONTH(L52:L151)=MONTH(TODAY()))*(YEAR(L52:L151)=YEAR(TODAY())),0)*I52:I151)+SUMPRODUCT((B52:B151="Delivered")*IFERROR((MONTH(L52:L151)=MONTH(TODAY()))*(YEAR(L52:L151)=YEAR(TODAY())),0)*I52:I151),"#,##0")&" THB | Target: "&TEXT('⚙ Control Panel'!$A$23,"#,##0")&" THB" -> Signed this month: 0 THB | Target: 3,000,000 THB | S15: Dec | T15: 3000000 | U15: =SUMPRODUCT(IFERROR((MONTH(L52:L151)=12)*(YEAR(L52:L151)=2026),0)*I52:I151) -> 0 | V15: =SUMPRODUCT(IFERROR((MONTH(M52:M151)=12)*(YEAR(M52:M151)=2026),0)*I52:I151) -> 0
A17: 📈 MONTHLY SALES TREND — 2026 (Target vs Taken vs Delivered)
A41: Project / Client | B41: Stage | C41: Segment | D41: Priority | E41: Product Category | F41: Brand | G41: Fee Structure | H41: Specialization | I41: Deal Value (THB) | J41: Win Prob (%) | K41: Weighted Value (THB) | L41: Order Taken Date | M41: Delivered Date | N41: Est. Close Date | O41: Next Action | P41: Notes | Q41: Project Code
A42: บ.คาปาดีไซน์บิลด์ | B42: Delivered | C42: Private | E42: Steel | F42: Taiyo | G42: No fee | H42: Government | I42: 248375 | J42: 1 | Q42: PJ-2608-00153
A43: หจก.ทอฟ้าโฮม | B43: Delivered | C43: Private | E43: Steel | F43: Taiyo | G43: No fee | H43: Government | I43: 354000 | J43: 1 | Q43: PJ-2608-00154
A44: อัยการศรีสะเกษ | B44: Delivered | C44: Gov | E44: Wooden | F44: Taiyo | G44: No fee | H44: Government | I44: 136284 | J44: 1 | Q44: PJ-2608-00155
A45: หจก.ธนรักษ์โกลเด้นเซฟ | B45: Delivered | C45: Private | E45: Steel | F45: Taiyo | G45: No fee | H45: Office | I45: 77062 | J45: 1 | Q45: PJ-2608-00156
A46: รรร.กสิณธร | B46: Delivered | C46: Gov | D46: High | E46: Steel | F46: Taiyo | G46: No fee | H46: Education | I46: 248625 | J46: 1 | Q46: PJ-2608-00157
A47: กรมพลาธิการทหารอากาศ | B47: Delivered | C47: Gov | D47: High | E47: Steel | F47: Taiyo | G47: No fee | H47: Government | I47: 43920 | J47: 1 | Q47: PJ-2608-00158
A48: หจก.ธนรักษ์โกลเด้นเซฟ | B48: Delivered | C48: Private | D48: High | E48: Steel | F48: Taiyo | G48: No fee | H48: Office | I48: 336874 | J48: 1 | Q48: PJ-2608-00159
A49: บ.ไนซ์แอพพาเรล | B49: Delivered | C49: Private | D49: High | E49: Chair | F49: Taiyo | G49: No fee | H49: Office | I49: 62359 | J49: 1 | Q49: PJ-2608-00160
A50: รร.สาธิต มศวประสานมิตร | B50: Delivered | C50: Gov | D50: High | E50: Wooden | F50: Taiyo | G50: No fee | H50: Education | I50: 76860 | J50: 1 | Q50: PJ-2608-00161
A51: หจก.พีพีเทรดดิ้ง | B51: Delivered | C51: Private | D51: High | E51: Steel | F51: Taiyo | G51: No fee | H51: Education | I51: 62334 | J51: 1 | Q51: PJ-2608-00162
A52: หจก.ประเสริฐเมืองเลย | B52: Send PI | C52: Private | D52: High | E52: Steel | F52: Taiyo | G52: No fee | H52: Government | I52: 1070000 | J52: 1 | K52: =IF(I52="",0,I52*J52) -> 1070000 | Q52: PJ-2608-00163
A53: หจก.ทูลไชยก่อสร้าง | B53: Send PI | C53: Private | D53: High | E53: Steel | F53: Taiyo | G53: No fee | H53: Government | I53: 1188278 | J53: 1 | K53: =IF(I53="",0,I53*J53) -> 1188278 | Q53: PJ-2608-00164
A54: การทางพิเศษ | B54: Send PI | C54: Gov | D54: High | E54: Steel | F54: Taiyo | G54: No fee | H54: Government | I54: 73740 | J54: 1 | K54: =IF(I54="",0,I54*J54) -> 73740 | Q54: PJ-2608-00165
A55: หอพักนิสิต มศว องครักษ์ | B55: Deal Signed | C55: Gov | D55: High | E55: Steel | F55: Taiyo | G55: No fee | H55: Education | I55: 5700000 | J55: 1 | K55: =IF(I55="",0,I55*J55) -> 5700000 | Q55: PJ-2608-00166
A56: บ.จันรุ่งเรืองกิจ | B56: Deal Signed | C56: Private | D56: High | E56: Steel | F56: Taiyo | G56: No fee | H56: Government | I56: 1028000 | J56: 1 | K56: =IF(I56="",0,I56*J56) -> 1028000 | Q56: PJ-2608-00167
A57: บ.จันรุ่งเรืองกิจ | B57: Deal Signed | C57: Private | D57: High | E57: Steel | F57: Taiyo | G57: No fee | H57: Government | I57: 1028000 | J57: 1 | K57: =IF(I57="",0,I57*J57) -> 1028000 | Q57: PJ-2608-00168
A58: บ.เวิลด์เดสคอน | B58: Deal Signed | C58: Private | D58: High | E58: Steel | F58: Taiyo | G58: No fee | H58: Government | I58: 514430 | J58: 1 | K58: =IF(I58="",0,I58*J58) -> 514430 | Q58: PJ-2608-00169
A59: หจก.โชคนคร | B59: Deal Signed | C59: Private | D59: High | E59: Steel | F59: Taiyo | G59: No fee | H59: Government | I59: 1268827 | J59: 1 | K59: =IF(I59="",0,I59*J59) -> 1268827 | Q59: PJ-2608-00170
A60: หจก.โชคนคร | B60: Deal Signed | C60: Private | D60: High | E60: Steel | F60: Taiyo | G60: No fee | H60: Government | I60: 1268827 | J60: 1 | K60: =IF(I60="",0,I60*J60) -> 1268827 | Q60: PJ-2608-00171
A61: หจก.รุ่งวัฒน์คอนสตรัคชั่น | B61: Negotiating | C61: Private | D61: High | E61: Steel | F61: Taiyo | G61: No fee | H61: Government | I61: 380000 | J61: 0.8 | K61: =IF(I61="",0,I61*J61) -> 304000 | Q61: PJ-2608-00172
A62: รร.วัฒนาวิทยาลัย | B62: Interest | C62: Gov | D62: High | E62: Steel | F62: Taiyo | G62: No fee | H62: Education | I62: 2100000 | J62: 0.7 | K62: =IF(I62="",0,I62*J62) -> 1470000 | Q62: PJ-2608-00173
A63: หจก.โชคนคร | B63: Negotiating | C63: Private | D63: High | E63: Wooden | F63: Taiyo | G63: No fee | H63: Government | I63: 1351112 | J63: 0.9 | K63: =IF(I63="",0,I63*J63) -> 1216000.8 | Q63: PJ-2608-00174
... A66: บ.ซีดีจี | B66: Deal Signed | C66: Private | D66: High | E66: Wooden | F66: Taiyo | G66: No fee | H66: Government | I66: 30000000 | J66: 1 | K66: =IF(I66="",0,I66*J66) -> 30000000 | Q66: PJ-2608-00177
K67: =IF(I67="",0,I67*J67) -> 0
K68: =IF(I68="",0,I68*J68) -> 0
K69: =IF(I69="",0,I69*J69) -> 0
K70: =IF(I70="",0,I70*J70) -> 0
K71: =IF(I71="",0,I71*J71) -> 0
K72: =IF(I72="",0,I72*J72) -> 0
K73: =IF(I73="",0,I73*J73) -> 0
K74: =IF(I74="",0,I74*J74) -> 0
K75: =IF(I75="",0,I75*J75) -> 0
K76: =IF(I76="",0,I76*J76) -> 0
K77: =IF(I77="",0,I77*J77) -> 0
K78: =IF(I78="",0,I78*J78) -> 0
... K151: =IF(I151="",0,I151*J151) -> 0

Sheet 👤 Aoey
A1: 👤 AOEY — Sales Pipeline & Performance
S3: Month | T3: Target | U3: Taken Orders (Deal Signed) | V3: Delivered Orders
A4: 📊 KPI DASHBOARD | S4: Jan | T4: 1500000 | U4: =SUMPRODUCT(IFERROR((MONTH(L42:L141)=1)*(YEAR(L42:L141)=2026),0)*I42:I141) -> 0 | V4: =SUMPRODUCT(IFERROR((MONTH(M42:M141)=1)*(YEAR(M42:M141)=2026),0)*I42:I141) -> 0
A5: Total Pipeline (THB) | E5: Weighted Pipeline (THB) | I5: Signed This Month (THB) | M5: Annual Target (THB) | S5: Feb | T5: 2500000 | U5: =SUMPRODUCT(IFERROR((MONTH(L42:L141)=2)*(YEAR(L42:L141)=2026),0)*I42:I141) -> 0 | V5: =SUMPRODUCT(IFERROR((MONTH(M42:M141)=2)*(YEAR(M42:M141)=2026),0)*I42:I141) -> 0
A6: =SUMIF(B42:B141,"<>Delivered",I42:I141) -> 0 | E6: =SUM(K42:K141) -> 792955 | I6: =SUMPRODUCT((B42:B141="Deal Signed")*IFERROR((MONTH(L42:L141)=MONTH(TODAY()))*(YEAR(L42:L141)=YEAR(TODAY())),0)*I42:I141)+SUMPRODUCT((B42:B141="Delivered")*IFERROR((MONTH(L42:L141)=MONTH(TODAY()))*(YEAR(L42:L141)=YEAR(TODAY())),0)*I42:I141) -> 0 | M6: =SUM(T4:T15) -> 28000000 | S6: Mar | T6: 4500000 | U6: =SUMPRODUCT(IFERROR((MONTH(L42:L141)=3)*(YEAR(L42:L141)=2026),0)*I42:I141) -> 0 | V6: =SUMPRODUCT(IFERROR((MONTH(M42:M141)=3)*(YEAR(M42:M141)=2026),0)*I42:I141) -> 0
S7: Apr | T7: 4500000 | U7: =SUMPRODUCT(IFERROR((MONTH(L42:L141)=4)*(YEAR(L42:L141)=2026),0)*I42:I141) -> 0 | V7: =SUMPRODUCT(IFERROR((MONTH(M42:M141)=4)*(YEAR(M42:M141)=2026),0)*I42:I141) -> 0
S8: May | T8: 2500000 | U8: =SUMPRODUCT(IFERROR((MONTH(L42:L141)=5)*(YEAR(L42:L141)=2026),0)*I42:I141) -> 0 | V8: =SUMPRODUCT(IFERROR((MONTH(M42:M141)=5)*(YEAR(M42:M141)=2026),0)*I42:I141) -> 0
A9: 📋 PIPELINE BREAKDOWN | S9: Jun | T9: 1500000 | U9: =SUMPRODUCT(IFERROR((MONTH(L42:L141)=6)*(YEAR(L42:L141)=2026),0)*I42:I141) -> 0 | V9: =SUMPRODUCT(IFERROR((MONTH(M42:M141)=6)*(YEAR(M42:M141)=2026),0)*I42:I141) -> 0
A10: Stage | B10: # Deals | C10: Value (THB) | D10: % of Pipeline | F10: Priority | G10: # Deals | H10: Value (THB) | I10: % of Pipeline | S10: Jul | T10: 2000000 | U10: =SUMPRODUCT(IFERROR((MONTH(L42:L141)=7)*(YEAR(L42:L141)=2026),0)*I42:I141) -> 0 | V10: =SUMPRODUCT(IFERROR((MONTH(M42:M141)=7)*(YEAR(M42:M141)=2026),0)*I42:I141) -> 0
A11: Interest | B11: =COUNTIF(B42:B141,"Interest") -> 0 | C11: =SUMIF(B42:B141,"Interest",I42:I141) -> 0 | D11: =IFERROR(SUMIF(B42:B141,"Interest",I42:I141)/SUM(I42:I141),0) -> 0 | F11: High | G11: =COUNTIF(D42:D141,"High") -> 8 | H11: =SUMIF(D42:D141,"High",I42:I141) -> 792955 | I11: =IFERROR(SUMIF(D42:D141,"High",I42:I141)/SUM(I42:I141),0) -> 1 | S11: Aug | T11: 2000000 | U11: =SUMPRODUCT(IFERROR((MONTH(L42:L141)=8)*(YEAR(L42:L141)=2026),0)*I42:I141) -> 0 | V11: =SUMPRODUCT(IFERROR((MONTH(M42:M141)=8)*(YEAR(M42:M141)=2026),0)*I42:I141) -> 0
A12: Send PI | B12: =COUNTIF(B42:B141,"Send PI") -> 0 | C12: =SUMIF(B42:B141,"Send PI",I42:I141) -> 0 | D12: =IFERROR(SUMIF(B42:B141,"Send PI",I42:I141)/SUM(I42:I141),0) -> 0 | F12: Medium | G12: =COUNTIF(D42:D141,"Medium") -> 0 | H12: =SUMIF(D42:D141,"Medium",I42:I141) -> 0 | I12: =IFERROR(SUMIF(D42:D141,"Medium",I42:I141)/SUM(I42:I141),0) -> 0 | S12: Sep | T12: 2000000 | U12: =SUMPRODUCT(IFERROR((MONTH(L42:L141)=9)*(YEAR(L42:L141)=2026),0)*I42:I141) -> 0 | V12: =SUMPRODUCT(IFERROR((MONTH(M42:M141)=9)*(YEAR(M42:M141)=2026),0)*I42:I141) -> 0
A13: Negotiating | B13: =COUNTIF(B42:B141,"Negotiating") -> 0 | C13: =SUMIF(B42:B141,"Negotiating",I42:I141) -> 0 | D13: =IFERROR(SUMIF(B42:B141,"Negotiating",I42:I141)/SUM(I42:I141),0) -> 0 | F13: Low | G13: =COUNTIF(D42:D141,"Low") -> 0 | H13: =SUMIF(D42:D141,"Low",I42:I141) -> 0 | I13: =IFERROR(SUMIF(D42:D141,"Low",I42:I141)/SUM(I42:I141),0) -> 0 | S13: Oct | T13: 2000000 | U13: =SUMPRODUCT(IFERROR((MONTH(L42:L141)=10)*(YEAR(L42:L141)=2026),0)*I42:I141) -> 0 | V13: =SUMPRODUCT(IFERROR((MONTH(M42:M141)=10)*(YEAR(M42:M141)=2026),0)*I42:I141) -> 0
A14: Deal Signed | B14: =COUNTIF(B42:B141,"Deal Signed") -> 0 | C14: =SUMIF(B42:B141,"Deal Signed",I42:I141) -> 0 | D14: =IFERROR(SUMIF(B42:B141,"Deal Signed",I42:I141)/SUM(I42:I141),0) -> 0 | F14: 🎯 Monthly Progress vs Target | S14: Nov | T14: 1500000 | U14: =SUMPRODUCT(IFERROR((MONTH(L42:L141)=11)*(YEAR(L42:L141)=2026),0)*I42:I141) -> 0 | V14: =SUMPRODUCT(IFERROR((MONTH(M42:M141)=11)*(YEAR(M42:M141)=2026),0)*I42:I141) -> 0
A15: Delivered | B15: =COUNTIF(B42:B141,"Delivered") -> 8 | C15: =SUMIF(B42:B141,"Delivered",I42:I141) -> 792955 | D15: =IFERROR(SUMIF(B42:B141,"Delivered",I42:I141)/SUM(I42:I141),0) -> 1 | F15: ="Signed this month: "&TEXT(SUMPRODUCT((B42:B141="Deal Signed")*IFERROR((MONTH(L42:L141)=MONTH(TODAY()))*(YEAR(L42:L141)=YEAR(TODAY())),0)*I42:I141)+SUMPRODUCT((B42:B141="Delivered")*IFERROR((MONTH(L42:L141)=MONTH(TODAY()))*(YEAR(L42:L141)=YEAR(TODAY())),0)*I42:I141),"#,##0")&" THB | Target: "&TEXT('⚙ Control Panel'!$A$23,"#,##0")&" THB" -> Signed this month: 0 THB | Target: 3,000,000 THB | S15: Dec | T15: 1500000 | U15: =SUMPRODUCT(IFERROR((MONTH(L42:L141)=12)*(YEAR(L42:L141)=2026),0)*I42:I141) -> 0 | V15: =SUMPRODUCT(IFERROR((MONTH(M42:M141)=12)*(YEAR(M42:M141)=2026),0)*I42:I141) -> 0
A17: 📈 MONTHLY SALES TREND — 2026 (Target vs Taken vs Delivered)
A41: Project / Client | B41: Stage | C41: Segment | D41: Priority | E41: Product Category | F41: Brand | G41: Fee Structure | H41: Specialization | I41: Deal Value (THB) | J41: Win Prob (%) | K41: Weighted Value (THB) | L41: Order Taken Date | M41: Delivered Date | N41: Est. Close Date | O41: Next Action | P41: Notes | Q41: Project Code
A42: กองบัญชาการตำรวจสอบสวนกลาง | B42: Delivered | C42: Gov | D42: High | E42: Steel | F42: Taiyo | G42: No fee | H42: Government | I42: 126630 | J42: 1 | K42: =IF(I42="",0,I42*J42) -> 126630 | L42: 46021 | M42: 46053 | P42: LK901D-62 = 21 ตู้ | Q42: PJ-2608-00178
A43: LOXLEY | B43: Delivered | C43: Private | D43: High | E43: Chair | F43: Taiyo | G43: No fee | H43: Office | I43: 93450 | J43: 1 | K43: =IF(I43="",0,I43*J43) -> 93450 | L43: 46023 | M43: 46049 | P43: ชุดโต๊ะ+เก้าอี้ | Q43: PJ-2608-00179
A44: บจก.ขีดขิน | B44: Delivered | C44: Private | D44: High | E44: Wooden | F44: Hybrida | G44: No fee | H44: Education | I44: 210000 | J44: 1 | K44: =IF(I44="",0,I44*J44) -> 210000 | L44: 46016 | M44: 46048 | P44: ชุดโต๊ะ Hybrida | Q44: PJ-2608-00180
A45: บจก. อัลเฟรโด | B45: Delivered | C45: Private | D45: High | E45: Chair | F45: Taiyo | G45: No fee | H45: Office | I45: 254165 | J45: 1 | K45: =IF(I45="",0,I45*J45) -> 254165 | L45: 45976 | M45: 46049 | P45: TULIP ดำแดง | Q45: PJ-2608-00181
A46: โรงเรียนอนุบาลตราด | B46: Delivered | C46: Gov | D46: High | E46: Steel | F46: Taiyo | G46: No fee | H46: Education | I46: 75000 | J46: 1 | K46: =IF(I46="",0,I46*J46) -> 75000 | L46: 46057 | M46: 46066 | Q46: PJ-2608-00182
A47: Modernform | B47: Delivered | C47: Private | D47: High | E47: Steel | F47: Taiyo | G47: No fee | H47: Office | I47: 25275 | J47: 1 | K47: =IF(I47="",0,I47*J47) -> 25275 | L47: 46043 | M47: 46073 | P47: M12A สีดำ = 14 | Q47: PJ-2608-00183
A48: บจก.แอดวานซ์เมดิคอล | B48: Delivered | C48: Private | D48: High | E48: Chair | F48: Taiyo | G48: No fee | H48: Hospital & Wellness | I48: 5540 | J48: 1 | K48: =IF(I48="",0,I48*J48) -> 5540 | L48: 46055 | M48: 46063 | Q48: PJ-2608-00184
A49: บจก.เสรีวัฒนา | B49: Delivered | C49: Private | D49: High | E49: Chair | F49: Taiyo | G49: No fee | H49: Office | I49: 2895 | J49: 1 | K49: =IF(I49="",0,I49*J49) -> 2895 | Q49: PJ-2608-00185
A50: บจก.พระนครศรีอยุธยา | K50: =IF(I50="",0,I50*J50) -> 0
A51: หจก.รวยหนึ่งห้าเก้า | K51: =IF(I51="",0,I51*J51) -> 0
A52: บจก.รุ่งเรืองกิจ | K52: =IF(I52="",0,I52*J52) -> 0
A53: บจก.พัฒนาอินเตอร์คูล | K53: =IF(I53="",0,I53*J53) -> 0
A54: บจก.ไอคอนสตีล | K54: =IF(I54="",0,I54*J54) -> 0
A55: บจก.เท็กซ์โฟกัส | K55: =IF(I55="",0,I55*J55) -> 0
A56: หจก.อัมพลก่อสร้าง | K56: =IF(I56="",0,I56*J56) -> 0
A57: คุณทิพชาติ | K57: =IF(I57="",0,I57*J57) -> 0
K58: =IF(I58="",0,I58*J58) -> 0
K59: =IF(I59="",0,I59*J59) -> 0
K60: =IF(I60="",0,I60*J60) -> 0
K61: =IF(I61="",0,I61*J61) -> 0
K62: =IF(I62="",0,I62*J62) -> 0
K63: =IF(I63="",0,I63*J63) -> 0
K64: =IF(I64="",0,I64*J64) -> 0
K65: =IF(I65="",0,I65*J65) -> 0
K66: =IF(I66="",0,I66*J66) -> 0
K67: =IF(I67="",0,I67*J67) -> 0
K68: =IF(I68="",0,I68*J68) -> 0
K69: =IF(I69="",0,I69*J69) -> 0
... K141: =IF(I141="",0,I141*J141) -> 0

Sheet 👤 Other Sales
A1: 👤 OTHER SALES — Sales Pipeline & Performance
S3: Month | T3: Target | U3: Taken Orders (Deal Signed) | V3: Delivered Orders
A4: 📊 KPI DASHBOARD | S4: Jan | T4: 3000000 | U4: =SUMPRODUCT(IFERROR((MONTH(L42:L141)=1)*(YEAR(L42:L141)=2026),0)*I42:I141) -> 0 | V4: =SUMPRODUCT(IFERROR((MONTH(M42:M141)=1)*(YEAR(M42:M141)=2026),0)*I42:I141) -> 0
A5: Total Pipeline (THB) | E5: Weighted Pipeline (THB) | I5: Signed This Month (THB) | M5: Annual Target (THB) | S5: Feb | T5: 3000000 | U5: =SUMPRODUCT(IFERROR((MONTH(L42:L141)=2)*(YEAR(L42:L141)=2026),0)*I42:I141) -> 0 | V5: =SUMPRODUCT(IFERROR((MONTH(M42:M141)=2)*(YEAR(M42:M141)=2026),0)*I42:I141) -> 0
A6: =SUMIF(B42:B141,"<>Delivered",I42:I141) -> 0 | E6: =SUM(K42:K141) -> 0 | I6: =SUMPRODUCT((B42:B141="Deal Signed")*IFERROR((MONTH(L42:L141)=MONTH(TODAY()))*(YEAR(L42:L141)=YEAR(TODAY())),0)*I42:I141)+SUMPRODUCT((B42:B141="Delivered")*IFERROR((MONTH(L42:L141)=MONTH(TODAY()))*(YEAR(L42:L141)=YEAR(TODAY())),0)*I42:I141) -> 0 | M6: =SUM(T4:T15) -> 36000000 | S6: Mar | T6: 3000000 | U6: =SUMPRODUCT(IFERROR((MONTH(L42:L141)=3)*(YEAR(L42:L141)=2026),0)*I42:I141) -> 0 | V6: =SUMPRODUCT(IFERROR((MONTH(M42:M141)=3)*(YEAR(M42:M141)=2026),0)*I42:I141) -> 0
S7: Apr | T7: 3000000 | U7: =SUMPRODUCT(IFERROR((MONTH(L42:L141)=4)*(YEAR(L42:L141)=2026),0)*I42:I141) -> 0 | V7: =SUMPRODUCT(IFERROR((MONTH(M42:M141)=4)*(YEAR(M42:M141)=2026),0)*I42:I141) -> 0
S8: May | T8: 3000000 | U8: =SUMPRODUCT(IFERROR((MONTH(L42:L141)=5)*(YEAR(L42:L141)=2026),0)*I42:I141) -> 0 | V8: =SUMPRODUCT(IFERROR((MONTH(M42:M141)=5)*(YEAR(M42:M141)=2026),0)*I42:I141) -> 0
A9: 📋 PIPELINE BREAKDOWN | S9: Jun | T9: 3000000 | U9: =SUMPRODUCT(IFERROR((MONTH(L42:L141)=6)*(YEAR(L42:L141)=2026),0)*I42:I141) -> 0 | V9: =SUMPRODUCT(IFERROR((MONTH(M42:M141)=6)*(YEAR(M42:M141)=2026),0)*I42:I141) -> 0
A10: Stage | B10: # Deals | C10: Value (THB) | D10: % of Pipeline | F10: Priority | G10: # Deals | H10: Value (THB) | I10: % of Pipeline | S10: Jul | T10: 3000000 | U10: =SUMPRODUCT(IFERROR((MONTH(L42:L141)=7)*(YEAR(L42:L141)=2026),0)*I42:I141) -> 0 | V10: =SUMPRODUCT(IFERROR((MONTH(M42:M141)=7)*(YEAR(M42:M141)=2026),0)*I42:I141) -> 0
A11: Interest | B11: =COUNTIF(B42:B141,"Interest") -> 0 | C11: =SUMIF(B42:B141,"Interest",I42:I141) -> 0 | D11: =IFERROR(SUMIF(B42:B141,"Interest",I42:I141)/SUM(I42:I141),0) -> 0 | F11: High | G11: =COUNTIF(D42:D141,"High") -> 0 | H11: =SUMIF(D42:D141,"High",I42:I141) -> 0 | I11: =IFERROR(SUMIF(D42:D141,"High",I42:I141)/SUM(I42:I141),0) -> 0 | S11: Aug | T11: 3000000 | U11: =SUMPRODUCT(IFERROR((MONTH(L42:L141)=8)*(YEAR(L42:L141)=2026),0)*I42:I141) -> 0 | V11: =SUMPRODUCT(IFERROR((MONTH(M42:M141)=8)*(YEAR(M42:M141)=2026),0)*I42:I141) -> 0
A12: Send PI | B12: =COUNTIF(B42:B141,"Send PI") -> 0 | C12: =SUMIF(B42:B141,"Send PI",I42:I141) -> 0 | D12: =IFERROR(SUMIF(B42:B141,"Send PI",I42:I141)/SUM(I42:I141),0) -> 0 | F12: Medium | G12: =COUNTIF(D42:D141,"Medium") -> 0 | H12: =SUMIF(D42:D141,"Medium",I42:I141) -> 0 | I12: =IFERROR(SUMIF(D42:D141,"Medium",I42:I141)/SUM(I42:I141),0) -> 0 | S12: Sep | T12: 3000000 | U12: =SUMPRODUCT(IFERROR((MONTH(L42:L141)=9)*(YEAR(L42:L141)=2026),0)*I42:I141) -> 0 | V12: =SUMPRODUCT(IFERROR((MONTH(M42:M141)=9)*(YEAR(M42:M141)=2026),0)*I42:I141) -> 0
A13: Negotiating | B13: =COUNTIF(B42:B141,"Negotiating") -> 0 | C13: =SUMIF(B42:B141,"Negotiating",I42:I141) -> 0 | D13: =IFERROR(SUMIF(B42:B141,"Negotiating",I42:I141)/SUM(I42:I141),0) -> 0 | F13: Low | G13: =COUNTIF(D42:D141,"Low") -> 0 | H13: =SUMIF(D42:D141,"Low",I42:I141) -> 0 | I13: =IFERROR(SUMIF(D42:D141,"Low",I42:I141)/SUM(I42:I141),0) -> 0 | S13: Oct | T13: 3000000 | U13: =SUMPRODUCT(IFERROR((MONTH(L42:L141)=10)*(YEAR(L42:L141)=2026),0)*I42:I141) -> 0 | V13: =SUMPRODUCT(IFERROR((MONTH(M42:M141)=10)*(YEAR(M42:M141)=2026),0)*I42:I141) -> 0
A14: Deal Signed | B14: =COUNTIF(B42:B141,"Deal Signed") -> 0 | C14: =SUMIF(B42:B141,"Deal Signed",I42:I141) -> 0 | D14: =IFERROR(SUMIF(B42:B141,"Deal Signed",I42:I141)/SUM(I42:I141),0) -> 0 | F14: 🎯 Monthly Progress vs Target | S14: Nov | T14: 3000000 | U14: =SUMPRODUCT(IFERROR((MONTH(L42:L141)=11)*(YEAR(L42:L141)=2026),0)*I42:I141) -> 0 | V14: =SUMPRODUCT(IFERROR((MONTH(M42:M141)=11)*(YEAR(M42:M141)=2026),0)*I42:I141) -> 0
A15: Delivered | B15: =COUNTIF(B42:B141,"Delivered") -> 0 | C15: =SUMIF(B42:B141,"Delivered",I42:I141) -> 0 | D15: =IFERROR(SUMIF(B42:B141,"Delivered",I42:I141)/SUM(I42:I141),0) -> 0 | F15: ="Signed this month: "&TEXT(SUMPRODUCT((B42:B141="Deal Signed")*IFERROR((MONTH(L42:L141)=MONTH(TODAY()))*(YEAR(L42:L141)=YEAR(TODAY())),0)*I42:I141)+SUMPRODUCT((B42:B141="Delivered")*IFERROR((MONTH(L42:L141)=MONTH(TODAY()))*(YEAR(L42:L141)=YEAR(TODAY())),0)*I42:I141),"#,##0")&" THB | Target: "&TEXT('⚙ Control Panel'!$A$23,"#,##0")&" THB" -> Signed this month: 0 THB | Target: 3,000,000 THB | S15: Dec | T15: 3000000 | U15: =SUMPRODUCT(IFERROR((MONTH(L42:L141)=12)*(YEAR(L42:L141)=2026),0)*I42:I141) -> 0 | V15: =SUMPRODUCT(IFERROR((MONTH(M42:M141)=12)*(YEAR(M42:M141)=2026),0)*I42:I141) -> 0
A17: 📈 MONTHLY SALES TREND — 2026 (Target vs Taken vs Delivered)
A41: Project / Client | B41: Stage | C41: Segment | D41: Priority | E41: Product Category | F41: Brand | G41: Fee Structure | H41: Specialization | I41: Deal Value (THB) | J41: Win Prob (%) | K41: Weighted Value (THB) | L41: Order Taken Date | M41: Delivered Date | N41: Est. Close Date | O41: Next Action | P41: Notes | Q41: Project Code
K42: =IF(I42="",0,I42*J42) -> 0
K43: =IF(I43="",0,I43*J43) -> 0
K44: =IF(I44="",0,I44*J44) -> 0
K45: =IF(I45="",0,I45*J45) -> 0
K46: =IF(I46="",0,I46*J46) -> 0
K47: =IF(I47="",0,I47*J47) -> 0
K48: =IF(I48="",0,I48*J48) -> 0
K49: =IF(I49="",0,I49*J49) -> 0
K50: =IF(I50="",0,I50*J50) -> 0
K51: =IF(I51="",0,I51*J51) -> 0
K52: =IF(I52="",0,I52*J52) -> 0
K53: =IF(I53="",0,I53*J53) -> 0
... K141: =IF(I141="",0,I141*J141) -> 0

Sheet นำเข้า
G2: manager ต้องเห็นทั้งหมด | H2: พนักงาน | I2: จำนวนดีลใน Excel
H3: Mew | I3: 120
H4: Napat | I4: 10
H5: Tan | I5: 25
H6: Aoey | I6: 8
H7: รวม | I7: 163
G9: sale เห็นเฉพาะของตัวเอง | H9: Mew | I9: 120
G15: นำเข้าข้อมูล ใบเสนอราคาเดือน มค69 - สค69
G31: แผนใหม่ (เฉพาะกรณีเลือก "งานประมูล")
G33: เนื่องจาก bid-pipeline.html ดึงข้อมูลจาก project_assignments ที่ join กับ announcements เท่านั้น การจะให้ใบเก่าไปโชว์ถูกที่ ต้องสร้าง 2 แถวนี้แทน pipeline_items:
G35: 1. สร้าง announcements ปลอม 1 แถว — เพราะ project_no บังคับห้ามซ้ำ/ห้ามว่าง ใบเก่าไม่มีเลขที่ e-GP จริง จะออกเลขแทนเป็น เช่น HIST-QT260300110 (อิงเลขที่ใบเสนอราคาเดิม) พร้อมตั้ง source_type เป็นแหล่งใหม่ เช่น legacy (เพิ่มผ่านหน้า sources.html ได้เลย ไม่ต้องแก้ schema)
G36: 2. สร้าง project_assignments ผูกกับ announcement นั้น — status ใช้ค่าจริงที่มีอยู่แล้ว (รับงาน/ศึกษา TOR, จัดเตรียมยื่นข้อเสนอ, รอประกาศผล, ชนะการประมูล, ส่งมอบแล้ว, แพ้การประมูล, ยกเลิก) ให้ sale เลือกตรงๆ เลย ไม่ต้องแปลงผ่าน enum ของ pipeline_items.stage อีกต่อไป
G37: 3. bid_amount = มูลค่าจากใบเสนอราคาเก่า (NetAmount)
G38: 4. assigned_to = map จาก salemanid เหมือนเดิม
G42: นำเข้างานประมูล "บริษัท ไอคอน สตีล โปรดัคท์ จำกัด" (19 ใบ)
G57: choenatrada
G58: supimol
G59: siripitch
G60: pipattra
G61: napat
